run_ts,rule_id,baum_id,bezirk,gattung_art,spalte
2026-09-06T14:55:21,R01,76340,10.0,Tilia cordata (Winterlinde),PFLANZJAHR
2026-09-06T14:55:21,R01,76342,10.0,Tilia cordata (Winterlinde),PFLANZJAHR
2026-09-06T14:55:21,R01,76341,10.0,Tilia cordata (Winterlinde),PFLANZJAHR
2026-09-06T14:55:21,R01,58145,18.0,Chamaecyparis lawsoniana (Scheinzypresse),PFLANZJAHR
2026-09-06T14:55:21,R01,265374,23.0,Ulmus minor (Feldulme),PFLANZJAHR
2026-09-06T14:55:21,R01,379826,14.0,Corylus colurna (Baumhasel),PFLANZJAHR
2026-09-06T14:55:21,R01,266982,23.0,Acer campestre (Feldahorn),PFLANZJAHR
2026-09-06T14:55:21,R01,379857,14.0,Pseudotsuga menziesii (Küstendouglasie),PFLANZJAHR
2026-09-06T14:55:21,R01,76351,10.0,Populus nigra (Schwarzpappel),PFLANZJAHR
2026-09-06T14:55:21,R01,265384,23.0,Acer campestre (Feldahorn),PFLANZJAHR
2026-09-06T14:55:21,R01,387158,11.0,Robinia pseudoacacia (Scheinakazie),PFLANZJAHR
2026-09-06T14:55:21,R01,76356,10.0,Betula pendula (Weißbirke),PFLANZJAHR
2026-09-06T14:55:21,R01,348473,17.0,Acer campestre (Feldahorn),PFLANZJAHR
2026-09-06T14:55:21,R01,348478,17.0,Acer campestre (Feldahorn),PFLANZJAHR
2026-09-06T14:55:21,R01,348480,17.0,Acer campestre (Feldahorn),PFLANZJAHR
2026-09-06T14:55:21,R01,76359,10.0,Betula pendula (Weißbirke),PFLANZJAHR
2026-09-06T14:55:21,R01,348488,17.0,Acer platanoides (Spitzahorn),PFLANZJAHR
2026-09-06T14:55:21,R01,359385,17.0,Acer campestre (Feldahorn),PFLANZJAHR
2026-09-06T14:55:21,R01,348490,17.0,Fraxinus excelsior (Gemeine Esche),PFLANZJAHR
2026-09-06T14:55:21,R01,348491,17.0,Acer campestre (Feldahorn),PFLANZJAHR
2026-09-06T14:55:21,R01,348493,17.0,Acer platanoides (Spitzahorn),PFLANZJAHR
2026-09-06T14:55:21,R01,76361,10.0,Acer pseudoplatanus (Bergahorn),PFLANZJAHR
2026-09-06T14:55:21,R01,348496,17.0,Acer campestre (Feldahorn),PFLANZJAHR
2026-09-06T14:55:21,R01,348504,17.0,Acer campestre (Feldahorn),PFLANZJAHR
2026-09-06T14:55:21,R01,348507,17.0,Fraxinus excelsior (Gemeine Esche),PFLANZJAHR
2026-09-06T14:55:21,R01,348508,17.0,Prunus avium (Vogelkirsche),PFLANZJAHR
2026-09-06T14:55:21,R01,348515,17.0,Fraxinus excelsior (Gemeine Esche),PFLANZJAHR
2026-09-06T14:55:21,R01,76363,10.0,Fraxinus excelsior (Gemeine Esche),PFLANZJAHR
2026-09-06T14:55:21,R01,348516,17.0,Acer campestre (Feldahorn),PFLANZJAHR
2026-09-06T14:55:21,R01,348517,17.0,Acer campestre (Feldahorn),PFLANZJAHR
2026-09-06T14:55:21,R01,297628,11.0,Juglans regia (Walnussbaum),PFLANZJAHR
2026-09-06T14:55:21,R01,297630,11.0,Juglans regia (Walnussbaum),PFLANZJAHR
2026-09-06T14:55:21,R01,348522,17.0,Acer campestre (Feldahorn),PFLANZJAHR
2026-09-06T14:55:21,R01,348528,17.0,Acer campestre (Feldahorn),PFLANZJAHR
2026-09-06T14:55:21,R01,76365,10.0,Tilia spec. (Linde),PFLANZJAHR
2026-09-06T14:55:21,R01,76367,10.0,Picea omorika (Serbische Fichte),PFLANZJAHR
2026-09-06T14:55:21,R01,297639,11.0,Acer platanoides 'Crimson King' (Blutahorn),PFLANZJAHR
2026-09-06T14:55:21,R01,76307,10.0,"Pinus nigra (Schwarzkiefer, Schwarzföhre)",PFLANZJAHR
2026-09-06T14:55:21,R01,76308,10.0,Picea abies (Gemeine Fichte),PFLANZJAHR
2026-09-06T14:55:21,R01,76309,10.0,"Pinus nigra (Schwarzkiefer, Schwarzföhre)",PFLANZJAHR
2026-09-06T14:55:21,R01,76310,10.0,Catalpa bignonioides (Trompetenbaum),PFLANZJAHR
2026-09-06T14:55:21,R01,224611,16.0,Parrotia persica (Eisenholzbaum),PFLANZJAHR
2026-09-06T14:55:21,R01,76313,10.0,Populus nigra (Schwarzpappel),PFLANZJAHR
2026-09-06T14:55:21,R01,76319,10.0,Carpinus betulus 'Fastigiata' (Säulenhainbuche),PFLANZJAHR
2026-09-06T14:55:21,R01,76321,10.0,Carpinus betulus 'Fastigiata' (Säulenhainbuche),PFLANZJAHR
2026-09-06T14:55:21,R01,76323,10.0,Carpinus betulus 'Fastigiata' (Säulenhainbuche),PFLANZJAHR
2026-09-06T14:55:21,R01,265454,23.0,Fraxinus excelsior (Gemeine Esche),PFLANZJAHR
2026-09-06T14:55:21,R01,70091,10.0,Populus nigra 'Italica' (Pyramidenpappel),PFLANZJAHR
2026-09-06T14:55:21,R01,70095,10.0,Populus nigra 'Italica' (Pyramidenpappel),PFLANZJAHR
2026-09-06T14:55:21,R01,280019,18.0,Prunus cerasifera (Kirschpflaume),PFLANZJAHR
2026-09-06T14:55:21,R01,70103,10.0,Populus nigra 'Italica' (Pyramidenpappel),PFLANZJAHR
2026-09-06T14:55:21,R01,260419,13.0,Quercus cerris (Zerreiche),PFLANZJAHR
2026-09-06T14:55:21,R01,272250,10.0,"Pinus nigra (Schwarzkiefer, Schwarzföhre)",PFLANZJAHR
2026-09-06T14:55:21,R01,70104,10.0,Populus nigra 'Italica' (Pyramidenpappel),PFLANZJAHR
2026-09-06T14:55:21,R01,272251,10.0,"Pinus nigra (Schwarzkiefer, Schwarzföhre)",PFLANZJAHR
2026-09-06T14:55:21,R01,272254,10.0,Elaeagnus angustifolia (Ölweide),PFLANZJAHR
2026-09-06T14:55:21,R01,54698,10.0,Platanus x acerifolia (Ahornblättrige Platane),PFLANZJAHR
2026-09-06T14:55:21,R01,54206,18.0,Malus spec. (Apfelbaum),PFLANZJAHR
2026-09-06T14:55:21,R01,54204,18.0,Larix decidua (Europäische Lärche),PFLANZJAHR
2026-09-06T14:55:21,R01,59256,10.0,Acer pseudoplatanus (Bergahorn),PFLANZJAHR
2026-09-06T14:55:21,R01,270590,10.0,Salix alba 'Tristis' (Trauerweide),PFLANZJAHR
2026-09-06T14:55:21,R01,409888,22.0,Crataegus laevigata (Weißdorn),PFLANZJAHR
2026-09-06T14:55:21,R01,270591,10.0,Salix alba 'Tristis' (Trauerweide),PFLANZJAHR
2026-09-06T14:55:21,R01,59258,10.0,Liriodendron tulipifera (Tulpenbaum),PFLANZJAHR
2026-09-06T14:55:21,R01,54202,18.0,Larix decidua (Europäische Lärche),PFLANZJAHR
2026-09-06T14:55:21,R01,270687,10.0,Carpinus betulus (Hainbuche),PFLANZJAHR
2026-09-06T14:55:21,R01,59262,10.0,Betula spec. (Birke),PFLANZJAHR
2026-09-06T14:55:21,R01,270594,10.0,Carpinus betulus (Hainbuche),PFLANZJAHR
2026-09-06T14:55:21,R01,54200,18.0,Larix decidua (Europäische Lärche),PFLANZJAHR
2026-09-06T14:55:21,R01,54198,18.0,Aesculus hippocastanum (Rosskastanie),PFLANZJAHR
2026-09-06T14:55:21,R01,54174,18.0,Acer platanoides (Spitzahorn),PFLANZJAHR
2026-09-06T14:55:21,R01,48402,10.0,Prunus avium (Vogelkirsche),PFLANZJAHR
2026-09-06T14:55:21,R01,54172,18.0,Fraxinus excelsior (Gemeine Esche),PFLANZJAHR
2026-09-06T14:55:21,R01,48403,10.0,Prunus avium (Vogelkirsche),PFLANZJAHR
2026-09-06T14:55:21,R01,48405,10.0,Acer saccharinum (Silberahorn),PFLANZJAHR
2026-09-06T14:55:21,R01,48407,10.0,Acer platanoides (Spitzahorn),PFLANZJAHR
2026-09-06T14:55:21,R01,271009,10.0,Prunus cerasifera 'Nigra' (Blutpflaume),PFLANZJAHR
2026-09-06T14:55:21,R01,271001,10.0,Salix alba 'Tristis' (Trauerweide),PFLANZJAHR
2026-09-06T14:55:21,R01,270670,10.0,Prunus avium (Vogelkirsche),PFLANZJAHR
2026-09-06T14:55:21,R01,48415,10.0,Koelreuteria paniculata (Blasenbaum),PFLANZJAHR
2026-09-06T14:55:21,R01,271006,10.0,Salix alba 'Tristis' (Trauerweide),PFLANZJAHR
2026-09-06T14:55:21,R01,48420,10.0,Populus nigra (Schwarzpappel),PFLANZJAHR
2026-09-06T14:55:21,R01,54166,18.0,Robinia pseudoacacia (Scheinakazie),PFLANZJAHR
2026-09-06T14:55:21,R01,48418,10.0,Prunus avium (Vogelkirsche),PFLANZJAHR
2026-09-06T14:55:21,R01,270678,10.0,Salix alba 'Tristis' (Trauerweide),PFLANZJAHR
2026-09-06T14:55:21,R01,48421,10.0,Catalpa bignonioides (Trompetenbaum),PFLANZJAHR
2026-09-06T14:55:21,R01,48422,10.0,Catalpa bignonioides (Trompetenbaum),PFLANZJAHR
2026-09-06T14:55:21,R01,54164,18.0,Tilia platyphyllos (Sommerlinde),PFLANZJAHR
2026-09-06T14:55:21,R01,48424,10.0,Acer platanoides (Spitzahorn),PFLANZJAHR
2026-09-06T14:55:21,R01,59270,10.0,Betula spec. (Birke),PFLANZJAHR
2026-09-06T14:55:21,R01,59284,10.0,Quercus spec. (Eiche),PFLANZJAHR
2026-09-06T14:55:21,R01,270707,10.0,Fraxinus excelsior (Gemeine Esche),PFLANZJAHR
2026-09-06T14:55:21,R01,270628,10.0,Salix alba (Silberweide),PFLANZJAHR
2026-09-06T14:55:21,R01,270629,10.0,Salix alba (Silberweide),PFLANZJAHR
2026-09-06T14:55:21,R01,59292,10.0,Acer platanoides (Spitzahorn),PFLANZJAHR
2026-09-06T14:55:21,R01,357628,13.0,Fraxinus excelsior (Gemeine Esche),PFLANZJAHR
2026-09-06T14:55:21,R01,54186,18.0,Acer platanoides (Spitzahorn),PFLANZJAHR
2026-09-06T14:55:21,R01,357629,13.0,Acer platanoides (Spitzahorn),PFLANZJAHR
2026-09-06T14:55:21,R01,357636,13.0,Acer platanoides (Spitzahorn),PFLANZJAHR
2026-09-06T14:55:21,R01,357622,13.0,Acer pseudoplatanus (Bergahorn),PFLANZJAHR
2026-09-06T14:55:21,R01,46731,2.0,Carpinus betulus 'Fastigiata' (Säulenhainbuche),PFLANZJAHR
2026-09-06T14:55:21,R01,357623,13.0,Acer pseudoplatanus (Bergahorn),PFLANZJAHR
2026-09-06T14:55:21,R01,357624,13.0,Prunus cerasifera (Kirschpflaume),PFLANZJAHR
2026-09-06T14:55:21,R01,270631,10.0,Salix alba (Silberweide),PFLANZJAHR
2026-09-06T14:55:21,R01,390186,12.0,Acer platanoides (Spitzahorn),PFLANZJAHR
2026-09-06T14:55:21,R01,357625,13.0,Acer monspessulanum (Französischer Ahorn),PFLANZJAHR
2026-09-06T14:55:21,R01,152847,18.0,Taxus baccata (Heimische Eibe),PFLANZJAHR
2026-09-06T14:55:21,R01,54182,18.0,Acer platanoides (Spitzahorn),PFLANZJAHR
2026-09-06T14:55:21,R01,360124,2.0,Carpinus betulus (Hainbuche),PFLANZJAHR
2026-09-06T14:55:21,R01,48394,10.0,Koelreuteria paniculata (Blasenbaum),PFLANZJAHR
2026-09-06T14:55:21,R01,54180,18.0,Acer platanoides (Spitzahorn),PFLANZJAHR
2026-09-06T14:55:21,R01,330773,13.0,Sambucus nigra (Schwarzer Holunder),PFLANZJAHR
2026-09-06T14:55:21,R01,54178,18.0,Aesculus hippocastanum (Rosskastanie),PFLANZJAHR
2026-09-06T14:55:21,R01,54176,18.0,Acer platanoides (Spitzahorn),PFLANZJAHR
2026-09-06T14:55:21,R01,272258,10.0,"Pinus nigra (Schwarzkiefer, Schwarzföhre)",PFLANZJAHR
2026-09-06T14:55:21,R01,272263,10.0,Sophora japonica (Schnurbaum),PFLANZJAHR
2026-09-06T14:55:21,R01,272275,10.0,Tilia platyphyllos (Sommerlinde),PFLANZJAHR
2026-09-06T14:55:21,R01,272276,10.0,"Pinus nigra (Schwarzkiefer, Schwarzföhre)",PFLANZJAHR
2026-09-06T14:55:21,R01,272280,10.0,"Pinus nigra (Schwarzkiefer, Schwarzföhre)",PFLANZJAHR
2026-09-06T14:55:21,R01,272329,10.0,Sophora japonica (Schnurbaum),PFLANZJAHR
2026-09-06T14:55:21,R01,54210,18.0,Picea pungens (Stechfichte),PFLANZJAHR
2026-09-06T14:55:21,R01,272341,10.0,Sophora japonica (Schnurbaum),PFLANZJAHR
2026-09-06T14:55:21,R01,307493,22.0,Prunus cerasus (Sauerkirsche),PFLANZJAHR
2026-09-06T14:55:21,R01,212280,10.0,Tilia spec. (Linde),PFLANZJAHR
2026-09-06T14:55:21,R01,272311,10.0,Acer negundo (Eschenahorn),PFLANZJAHR
2026-09-06T14:55:21,R01,54244,18.0,Acer platanoides (Spitzahorn),PFLANZJAHR
2026-09-06T14:55:21,R01,272475,10.0,"Pinus nigra (Schwarzkiefer, Schwarzföhre)",PFLANZJAHR
2026-09-06T14:55:21,R01,272482,10.0,Quercus robur (Stieleiche),PFLANZJAHR
2026-09-06T14:55:21,R01,54242,18.0,Quercus robur (Stieleiche),PFLANZJAHR
2026-09-06T14:55:21,R01,272487,10.0,Sophora japonica (Schnurbaum),PFLANZJAHR
2026-09-06T14:55:21,R01,272490,10.0,Sophora japonica (Schnurbaum),PFLANZJAHR
2026-09-06T14:55:21,R01,272494,10.0,Populus alba (Silberpappel),PFLANZJAHR
2026-09-06T14:55:21,R01,54240,18.0,Quercus robur (Stieleiche),PFLANZJAHR
2026-09-06T14:55:21,R01,272497,10.0,Populus alba (Silberpappel),PFLANZJAHR
2026-09-06T14:55:21,R01,272499,10.0,Populus alba (Silberpappel),PFLANZJAHR
2026-09-06T14:55:21,R01,55920,11.0,Quercus spec. (Eiche),PFLANZJAHR
2026-09-06T14:55:21,R01,271127,10.0,Fraxinus excelsior (Gemeine Esche),PFLANZJAHR
2026-09-06T14:55:21,R01,271134,10.0,Fraxinus excelsior (Gemeine Esche),PFLANZJAHR
2026-09-06T14:55:21,R01,54238,18.0,Acer pseudoplatanus (Bergahorn),PFLANZJAHR
2026-09-06T14:55:21,R01,271135,10.0,Fraxinus excelsior (Gemeine Esche),PFLANZJAHR
2026-09-06T14:55:21,R01,54236,18.0,Acer platanoides (Spitzahorn),PFLANZJAHR
2026-09-06T14:55:21,R01,54228,18.0,Pinus nigra nigra (Österreichische Schwarzkiefer),PFLANZJAHR
2026-09-06T14:55:21,R01,54224,18.0,Fraxinus excelsior (Gemeine Esche),PFLANZJAHR
2026-09-06T14:55:21,R01,70071,10.0,Aesculus hippocastanum (Rosskastanie),PFLANZJAHR
2026-09-06T14:55:21,R01,63601,23.0,Tilia x vulgaris (Holländische Linde),PFLANZJAHR
2026-09-06T14:55:21,R01,63611,23.0,Gleditsia triacanthos (Lederhülsenbaum),PFLANZJAHR
2026-09-06T14:55:21,R01,63613,23.0,Gleditsia triacanthos (Lederhülsenbaum),PFLANZJAHR
2026-09-06T14:55:21,R01,63617,23.0,Aesculus hippocastanum (Rosskastanie),PFLANZJAHR
2026-09-06T14:55:21,R01,63625,23.0,Corylus colurna (Baumhasel),PFLANZJAHR
2026-09-06T14:55:21,R01,63673,23.0,Tilia americana (Amerikanische Linde),PFLANZJAHR
2026-09-06T14:55:21,R01,391087,10.0,Chamaecyparis lawsoniana 'Alumii' (Säulenscheinzypresse),PFLANZJAHR
2026-09-06T14:55:21,R01,391088,10.0,Chamaecyparis lawsoniana 'Alumii' (Säulenscheinzypresse),PFLANZJAHR
2026-09-06T14:55:21,R01,399686,10.0,Acer negundo (Eschenahorn),PFLANZJAHR
2026-09-06T14:55:21,R01,63683,23.0,Corylus colurna (Baumhasel),PFLANZJAHR
2026-09-06T14:55:21,R01,399692,10.0,Prunus avium (Vogelkirsche),PFLANZJAHR
2026-09-06T14:55:21,R01,168287,10.0,Picea pungens 'Glauca' (Blaufichte),PFLANZJAHR
2026-09-06T14:55:21,R01,76119,10.0,Sorbus aucuparia 'Fastigiata' (Säuleneberesche),PFLANZJAHR
2026-09-06T14:55:21,R01,76122,10.0,Carpinus betulus 'Fastigiata' (Säulenhainbuche),PFLANZJAHR
2026-09-06T14:55:21,R01,76264,10.0,Acer platanoides (Spitzahorn),PFLANZJAHR
2026-09-06T14:55:21,R01,76265,10.0,Acer platanoides (Spitzahorn),PFLANZJAHR
2026-09-06T14:55:21,R01,315131,10.0,Acer platanoides (Spitzahorn),PFLANZJAHR
2026-09-06T14:55:21,R01,76267,10.0,Prunus avium (Vogelkirsche),PFLANZJAHR
2026-09-06T14:55:21,R01,77302,23.0,Platanus x acerifolia (Ahornblättrige Platane),PFLANZJAHR
2026-09-06T14:55:21,R01,257503,10.0,Prunus armeniaca (Marille),PFLANZJAHR
2026-09-06T14:55:21,R01,76295,10.0,Betula pendula (Weißbirke),PFLANZJAHR
2026-09-06T14:55:21,R01,257500,10.0,Acer negundo (Eschenahorn),PFLANZJAHR
2026-09-06T14:55:21,R01,76297,10.0,Celtis australis (Südlicher Zürgelbaum),PFLANZJAHR
2026-09-06T14:55:21,R01,403886,13.0,Ulmus minor (Feldulme),PFLANZJAHR
2026-09-06T14:55:21,R01,283664,10.0,Ficus carica (Feigenbaum),PFLANZJAHR
2026-09-06T14:55:21,R01,283665,10.0,Prunus cerasifera (Kirschpflaume),PFLANZJAHR
2026-09-06T14:55:21,R01,403887,13.0,Acer platanoides (Spitzahorn),PFLANZJAHR
2026-09-06T14:55:21,R01,76298,10.0,"Pinus nigra (Schwarzkiefer, Schwarzföhre)",PFLANZJAHR
2026-09-06T14:55:21,R01,76299,10.0,Populus nigra (Schwarzpappel),PFLANZJAHR
2026-09-06T14:55:21,R01,76301,10.0,Carpinus betulus (Hainbuche),PFLANZJAHR
2026-09-06T14:55:21,R01,76303,10.0,Populus nigra (Schwarzpappel),PFLANZJAHR
2026-09-06T14:55:21,R01,76305,10.0,Populus nigra (Schwarzpappel),PFLANZJAHR
2026-09-06T14:55:21,R01,201557,13.0,Acer platanoides (Spitzahorn),PFLANZJAHR
2026-09-06T14:55:21,R01,76306,10.0,Populus nigra (Schwarzpappel),PFLANZJAHR
2026-09-06T14:55:21,R01,76312,10.0,Catalpa bignonioides (Trompetenbaum),PFLANZJAHR
2026-09-06T14:55:21,R01,76314,10.0,Populus nigra (Schwarzpappel),PFLANZJAHR
2026-09-06T14:55:21,R01,76315,10.0,Populus nigra (Schwarzpappel),PFLANZJAHR
2026-09-06T14:55:21,R01,76316,10.0,Populus nigra (Schwarzpappel),PFLANZJAHR
2026-09-06T14:55:21,R01,76318,10.0,Populus nigra (Schwarzpappel),PFLANZJAHR
2026-09-06T14:55:21,R01,76320,10.0,Carpinus betulus 'Fastigiata' (Säulenhainbuche),PFLANZJAHR
2026-09-06T14:55:21,R01,76123,10.0,Populus nigra 'Italica' (Pyramidenpappel),PFLANZJAHR
2026-09-06T14:55:21,R01,76127,10.0,Carpinus betulus 'Fastigiata' (Säulenhainbuche),PFLANZJAHR
2026-09-06T14:55:21,R01,76128,10.0,Carpinus betulus 'Fastigiata' (Säulenhainbuche),PFLANZJAHR
2026-09-06T14:55:21,R01,76129,10.0,Koelreuteria paniculata (Blasenbaum),PFLANZJAHR
2026-09-06T14:55:21,R01,76131,10.0,Tilia cordata (Winterlinde),PFLANZJAHR
2026-09-06T14:55:21,R01,76132,10.0,Tilia cordata (Winterlinde),PFLANZJAHR
2026-09-06T14:55:21,R01,76133,10.0,Tilia cordata (Winterlinde),PFLANZJAHR
2026-09-06T14:55:21,R01,76135,10.0,Acer pseudoplatanus (Bergahorn),PFLANZJAHR
2026-09-06T14:55:21,R01,76138,10.0,Tilia cordata (Winterlinde),PFLANZJAHR
2026-09-06T14:55:21,R01,76139,10.0,Tilia cordata (Winterlinde),PFLANZJAHR
2026-09-06T14:55:21,R01,168288,10.0,Carpinus betulus (Hainbuche),PFLANZJAHR
2026-09-06T14:55:21,R01,76141,10.0,Tilia cordata (Winterlinde),PFLANZJAHR
2026-09-06T14:55:21,R01,76147,10.0,Populus alba (Silberpappel),PFLANZJAHR
2026-09-06T14:55:21,R01,76150,10.0,Populus alba (Silberpappel),PFLANZJAHR
2026-09-06T14:55:21,R01,76151,10.0,Populus alba (Silberpappel),PFLANZJAHR
2026-09-06T14:55:21,R01,76161,10.0,Populus x canescens (Graupappel),PFLANZJAHR
2026-09-06T14:55:21,R01,133660,10.0,Sambucus nigra (Schwarzer Holunder),PFLANZJAHR
2026-09-06T14:55:21,R01,133668,10.0,Fraxinus ornus (Blumenesche),PFLANZJAHR
2026-09-06T14:55:21,R01,133669,10.0,Quercus robur 'Fastigiata' (Säuleneiche),PFLANZJAHR
2026-09-06T14:55:21,R01,133670,10.0,Quercus robur (Stieleiche),PFLANZJAHR
2026-09-06T14:55:21,R01,358293,10.0,Acer campestre (Feldahorn),PFLANZJAHR
2026-09-06T14:55:21,R01,76169,10.0,Fraxinus excelsior (Gemeine Esche),PFLANZJAHR
2026-09-06T14:55:21,R01,76172,10.0,Larix decidua (Europäische Lärche),PFLANZJAHR
2026-09-06T14:55:21,R01,76173,10.0,Tilia spec. (Linde),PFLANZJAHR
2026-09-06T14:55:21,R01,76177,10.0,Fraxinus excelsior (Gemeine Esche),PFLANZJAHR
2026-09-06T14:55:21,R01,76182,10.0,Acer platanoides (Spitzahorn),PFLANZJAHR
2026-09-06T14:55:21,R01,76183,10.0,Acer platanoides (Spitzahorn),PFLANZJAHR
2026-09-06T14:55:21,R01,76186,10.0,Acer pseudoplatanus (Bergahorn),PFLANZJAHR
2026-09-06T14:55:21,R01,76189,10.0,Acer platanoides (Spitzahorn),PFLANZJAHR
2026-09-06T14:55:21,R01,76190,10.0,Acer platanoides (Spitzahorn),PFLANZJAHR
2026-09-06T14:55:21,R01,76192,10.0,Acer platanoides (Spitzahorn),PFLANZJAHR
2026-09-06T14:55:21,R01,76197,10.0,Acer platanoides (Spitzahorn),PFLANZJAHR
2026-09-06T14:55:21,R01,237611,19.0,Acer platanoides 'Columnare' (Säulenahorn),PFLANZJAHR
2026-09-06T14:55:21,R01,76199,10.0,Catalpa bignonioides (Trompetenbaum),PFLANZJAHR
2026-09-06T14:55:21,R01,76200,10.0,Acer platanoides 'Crimson King' (Blutahorn),PFLANZJAHR
2026-09-06T14:55:21,R01,76202,10.0,Acer platanoides (Spitzahorn),PFLANZJAHR
2026-09-06T14:55:21,R01,76203,10.0,Ailanthus altissima (Götterbaum),PFLANZJAHR
2026-09-06T14:55:21,R01,76204,10.0,Crataegus spec. (Dorn),PFLANZJAHR
2026-09-06T14:55:21,R01,76218,10.0,Tilia spec. (Linde),PFLANZJAHR
2026-09-06T14:55:21,R01,76221,10.0,Tilia spec. (Linde),PFLANZJAHR
2026-09-06T14:55:21,R01,76222,10.0,Aesculus hippocastanum (Rosskastanie),PFLANZJAHR
2026-09-06T14:55:21,R01,76226,10.0,Tilia spec. (Linde),PFLANZJAHR
2026-09-06T14:55:21,R01,76243,10.0,Acer negundo (Eschenahorn),PFLANZJAHR
2026-09-06T14:55:21,R01,76244,10.0,Picea abies (Gemeine Fichte),PFLANZJAHR
2026-09-06T14:55:21,R01,257501,10.0,Chamaecyparis lawsoniana (Scheinzypresse),PFLANZJAHR
2026-09-06T14:55:21,R01,76248,10.0,Catalpa bignonioides (Trompetenbaum),PFLANZJAHR
2026-09-06T14:55:21,R01,76258,10.0,Betula pendula (Weißbirke),PFLANZJAHR
2026-09-06T14:55:21,R01,257499,10.0,Pyrus calleryana 'Chanticleer' (Zierbirne),PFLANZJAHR
2026-09-06T14:55:21,R01,389570,10.0,Acer platanoides (Spitzahorn),PFLANZJAHR
2026-09-06T14:55:21,R01,63651,23.0,Gleditsia triacanthos (Lederhülsenbaum),PFLANZJAHR
2026-09-06T14:55:21,R01,260408,13.0,Acer campestre (Feldahorn),PFLANZJAHR
2026-09-06T14:55:21,R01,260532,13.0,Quercus cerris (Zerreiche),PFLANZJAHR
2026-09-06T14:55:21,R01,63551,23.0,Corylus colurna (Baumhasel),PFLANZJAHR
2026-09-06T14:55:21,R01,260436,13.0,Quercus cerris (Zerreiche),PFLANZJAHR
2026-09-06T14:55:21,R01,63555,23.0,Corylus colurna (Baumhasel),PFLANZJAHR
2026-09-06T14:55:21,R01,260447,13.0,Quercus cerris (Zerreiche),PFLANZJAHR
2026-09-06T14:55:21,R01,260458,13.0,Ulmus minor (Feldulme),PFLANZJAHR
2026-09-06T14:55:21,R01,199289,23.0,Populus nigra 'Italica' (Pyramidenpappel),PFLANZJAHR
2026-09-06T14:55:21,R01,377291,10.0,Prunus avium (Vogelkirsche),PFLANZJAHR
2026-09-06T14:55:21,R01,199290,23.0,Populus nigra (Schwarzpappel),PFLANZJAHR
2026-09-06T14:55:21,R01,199291,23.0,Populus nigra (Schwarzpappel),PFLANZJAHR
2026-09-06T14:55:21,R01,260463,13.0,Carpinus betulus (Hainbuche),PFLANZJAHR
2026-09-06T14:55:21,R01,199292,23.0,Populus nigra 'Italica' (Pyramidenpappel),PFLANZJAHR
2026-09-06T14:55:21,R01,260467,13.0,Acer campestre (Feldahorn),PFLANZJAHR
2026-09-06T14:55:21,R01,260468,13.0,Acer campestre (Feldahorn),PFLANZJAHR
2026-09-06T14:55:21,R01,199293,23.0,Populus nigra (Schwarzpappel),PFLANZJAHR
2026-09-06T14:55:21,R01,199294,23.0,Populus nigra (Schwarzpappel),PFLANZJAHR
2026-09-06T14:55:21,R01,199295,23.0,Populus nigra 'Italica' (Pyramidenpappel),PFLANZJAHR
2026-09-06T14:55:21,R01,260472,13.0,Acer campestre (Feldahorn),PFLANZJAHR
2026-09-06T14:55:21,R01,199297,23.0,Populus nigra 'Italica' (Pyramidenpappel),PFLANZJAHR
2026-09-06T14:55:21,R01,199298,23.0,Populus nigra 'Italica' (Pyramidenpappel),PFLANZJAHR
2026-09-06T14:55:21,R01,199299,23.0,Populus nigra 'Italica' (Pyramidenpappel),PFLANZJAHR
2026-09-06T14:55:21,R01,260473,13.0,Acer campestre (Feldahorn),PFLANZJAHR
2026-09-06T14:55:21,R01,199301,23.0,Populus nigra 'Italica' (Pyramidenpappel),PFLANZJAHR
2026-09-06T14:55:21,R01,199303,23.0,Populus nigra 'Italica' (Pyramidenpappel),PFLANZJAHR
2026-09-06T14:55:21,R01,260480,13.0,Carpinus betulus (Hainbuche),PFLANZJAHR
2026-09-06T14:55:21,R01,63571,23.0,Tilia x vulgaris (Holländische Linde),PFLANZJAHR
2026-09-06T14:55:21,R01,199306,23.0,Populus nigra 'Italica' (Pyramidenpappel),PFLANZJAHR
2026-09-06T14:55:21,R01,199307,23.0,Populus nigra 'Italica' (Pyramidenpappel),PFLANZJAHR
2026-09-06T14:55:21,R01,199308,23.0,Populus nigra 'Italica' (Pyramidenpappel),PFLANZJAHR
2026-09-06T14:55:21,R01,199311,23.0,Populus nigra 'Italica' (Pyramidenpappel),PFLANZJAHR
2026-09-06T14:55:21,R01,199316,23.0,Populus nigra 'Italica' (Pyramidenpappel),PFLANZJAHR
2026-09-06T14:55:21,R01,199320,23.0,Populus nigra 'Italica' (Pyramidenpappel),PFLANZJAHR
2026-09-06T14:55:21,R01,199323,23.0,Populus nigra 'Italica' (Pyramidenpappel),PFLANZJAHR
2026-09-06T14:55:21,R01,199324,23.0,Populus nigra 'Italica' (Pyramidenpappel),PFLANZJAHR
2026-09-06T14:55:21,R01,199325,23.0,Populus nigra 'Italica' (Pyramidenpappel),PFLANZJAHR
2026-09-06T14:55:21,R01,199326,23.0,Populus nigra 'Italica' (Pyramidenpappel),PFLANZJAHR
2026-09-06T14:55:21,R01,199330,23.0,Robinia pseudoacacia (Scheinakazie),PFLANZJAHR
2026-09-06T14:55:21,R01,63597,23.0,Tilia americana (Amerikanische Linde),PFLANZJAHR
2026-09-06T14:55:21,R01,63603,23.0,Aesculus hippocastanum (Rosskastanie),PFLANZJAHR
2026-09-06T14:55:21,R01,358294,10.0,Prunus cerasifera (Kirschpflaume),PFLANZJAHR
2026-09-06T14:55:21,R01,76358,10.0,Betula pendula (Weißbirke),PFLANZJAHR
2026-09-06T14:55:21,R01,76366,10.0,Aesculus hippocastanum (Rosskastanie),PFLANZJAHR
2026-09-06T14:55:21,R01,168324,10.0,Celtis australis (Südlicher Zürgelbaum),PFLANZJAHR
2026-09-06T14:55:21,R01,76369,10.0,Betula pendula (Weißbirke),PFLANZJAHR
2026-09-06T14:55:21,R01,76370,10.0,"Pinus nigra (Schwarzkiefer, Schwarzföhre)",PFLANZJAHR
2026-09-06T14:55:21,R01,76371,10.0,"Pinus nigra (Schwarzkiefer, Schwarzföhre)",PFLANZJAHR
2026-09-06T14:55:21,R01,76374,10.0,Populus nigra (Schwarzpappel),PFLANZJAHR
2026-09-06T14:55:21,R01,76377,10.0,Populus nigra (Schwarzpappel),PFLANZJAHR
2026-09-06T14:55:21,R01,76379,10.0,Populus nigra (Schwarzpappel),PFLANZJAHR
2026-09-06T14:55:21,R01,76383,10.0,Populus nigra (Schwarzpappel),PFLANZJAHR
2026-09-06T14:55:21,R01,76444,10.0,"Pinus nigra (Schwarzkiefer, Schwarzföhre)",PFLANZJAHR
2026-09-06T14:55:21,R01,76445,10.0,Pinus nigra nigra (Österreichische Schwarzkiefer),PFLANZJAHR
2026-09-06T14:55:21,R01,260360,13.0,Quercus cerris (Zerreiche),PFLANZJAHR
2026-09-06T14:55:21,R01,260350,13.0,Acer campestre (Feldahorn),PFLANZJAHR
2026-09-06T14:55:21,R01,260456,13.0,Carpinus betulus (Hainbuche),PFLANZJAHR
2026-09-06T14:55:21,R01,76448,10.0,Chamaecyparis lawsoniana 'Alumii' (Säulenscheinzypresse),PFLANZJAHR
2026-09-06T14:55:21,R01,154289,10.0,Prunus cerasifera (Kirschpflaume),PFLANZJAHR
2026-09-06T14:55:21,R01,76449,10.0,Robinia pseudoacacia (Scheinakazie),PFLANZJAHR
2026-09-06T14:55:21,R01,76450,10.0,Ailanthus altissima (Götterbaum),PFLANZJAHR
2026-09-06T14:55:21,R01,76452,10.0,Sambucus nigra (Schwarzer Holunder),PFLANZJAHR
2026-09-06T14:55:21,R01,76453,10.0,Chamaecyparis lawsoniana 'Alumii' (Säulenscheinzypresse),PFLANZJAHR
2026-09-06T14:55:21,R01,223238,23.0,Betula pendula (Weißbirke),PFLANZJAHR
2026-09-06T14:55:21,R01,76460,10.0,Robinia pseudoacacia (Scheinakazie),PFLANZJAHR
2026-09-06T14:55:21,R01,76540,10.0,Prunus avium (Vogelkirsche),PFLANZJAHR
2026-09-06T14:55:21,R01,76541,10.0,Prunus avium (Vogelkirsche),PFLANZJAHR
2026-09-06T14:55:21,R01,76543,10.0,Malus spec. (Apfelbaum),PFLANZJAHR
2026-09-06T14:55:21,R01,76548,10.0,Celtis australis (Südlicher Zürgelbaum),PFLANZJAHR
2026-09-06T14:55:21,R01,76551,10.0,Fraxinus ornus (Blumenesche),PFLANZJAHR
2026-09-06T14:55:21,R01,239755,10.0,Sambucus nigra (Schwarzer Holunder),PFLANZJAHR
2026-09-06T14:55:21,R01,76557,10.0,Carpinus betulus 'Fastigiata' (Säulenhainbuche),PFLANZJAHR
2026-09-06T14:55:21,R01,239756,10.0,Sambucus nigra (Schwarzer Holunder),PFLANZJAHR
2026-09-06T14:55:21,R01,239757,10.0,Sambucus nigra (Schwarzer Holunder),PFLANZJAHR
2026-09-06T14:55:21,R01,76560,10.0,Carpinus betulus 'Fastigiata' (Säulenhainbuche),PFLANZJAHR
2026-09-06T14:55:21,R01,76561,10.0,Carpinus betulus 'Fastigiata' (Säulenhainbuche),PFLANZJAHR
2026-09-06T14:55:21,R01,76563,10.0,Carpinus betulus 'Fastigiata' (Säulenhainbuche),PFLANZJAHR
2026-09-06T14:55:21,R01,120066,10.0,Prunus avium 'Plena' (Gefülltblühende Vogelkirsche),PFLANZJAHR
2026-09-06T14:55:21,R01,76571,10.0,Betula pendula (Weißbirke),PFLANZJAHR
2026-09-06T14:55:21,R01,215611,16.0,Prunus cerasifera 'Nigra' (Blutpflaume),PFLANZJAHR
2026-09-06T14:55:21,R01,76574,10.0,Malus spec. (Apfelbaum),PFLANZJAHR
2026-09-06T14:55:21,R01,215612,16.0,Prunus cerasifera 'Nigra' (Blutpflaume),PFLANZJAHR
2026-09-06T14:55:21,R01,76575,10.0,Malus spec. (Apfelbaum),PFLANZJAHR
2026-09-06T14:55:21,R01,76577,10.0,Celtis australis (Südlicher Zürgelbaum),PFLANZJAHR
2026-09-06T14:55:21,R01,273947,10.0,Acer campestre (Feldahorn),PFLANZJAHR
2026-09-06T14:55:21,R01,120059,10.0,Populus nigra (Schwarzpappel),PFLANZJAHR
2026-09-06T14:55:21,R01,120061,10.0,Populus nigra (Schwarzpappel),PFLANZJAHR
2026-09-06T14:55:21,R01,120064,10.0,Carpinus betulus 'Fastigiata' (Säulenhainbuche),PFLANZJAHR
2026-09-06T14:55:21,R01,76462,10.0,Populus nigra (Schwarzpappel),PFLANZJAHR
2026-09-06T14:55:21,R01,76464,10.0,Aesculus hippocastanum (Rosskastanie),PFLANZJAHR
2026-09-06T14:55:21,R01,76465,10.0,Koelreuteria spec. (Blasenbaum),PFLANZJAHR
2026-09-06T14:55:21,R01,76466,10.0,Koelreuteria spec. (Blasenbaum),PFLANZJAHR
2026-09-06T14:55:21,R01,168326,10.0,Malus spec. (Apfelbaum),PFLANZJAHR
2026-09-06T14:55:21,R01,218299,23.0,Robinia pseudoacacia (Scheinakazie),PFLANZJAHR
2026-09-06T14:55:21,R01,76469,10.0,Prunus serrulata 'Amanogawa' (Säulenkirsche),PFLANZJAHR
2026-09-06T14:55:21,R01,76472,10.0,Acer platanoides (Spitzahorn),PFLANZJAHR
2026-09-06T14:55:21,R01,76473,10.0,Acer platanoides (Spitzahorn),PFLANZJAHR
2026-09-06T14:55:21,R01,76474,10.0,Acer platanoides (Spitzahorn),PFLANZJAHR
2026-09-06T14:55:21,R01,76494,10.0,Acer platanoides (Spitzahorn),PFLANZJAHR
2026-09-06T14:55:21,R01,76495,10.0,Juglans spec. (Walnussbaum),PFLANZJAHR
2026-09-06T14:55:21,R01,76496,10.0,Ailanthus altissima (Götterbaum),PFLANZJAHR
2026-09-06T14:55:21,R01,233664,21.0,Prunus cerasifera 'Nigra' (Blutpflaume),PFLANZJAHR
2026-09-06T14:55:21,R01,76497,10.0,Ailanthus altissima (Götterbaum),PFLANZJAHR
2026-09-06T14:55:21,R01,76498,10.0,Gleditsia triacanthos (Lederhülsenbaum),PFLANZJAHR
2026-09-06T14:55:21,R01,76500,10.0,Gleditsia triacanthos (Lederhülsenbaum),PFLANZJAHR
2026-09-06T14:55:21,R01,76501,10.0,Gleditsia triacanthos (Lederhülsenbaum),PFLANZJAHR
2026-09-06T14:55:21,R01,76502,10.0,Gleditsia triacanthos (Lederhülsenbaum),PFLANZJAHR
2026-09-06T14:55:21,R01,202753,12.0,Fraxinus excelsior (Gemeine Esche),PFLANZJAHR
2026-09-06T14:55:21,R01,76503,10.0,Gleditsia triacanthos (Lederhülsenbaum),PFLANZJAHR
2026-09-06T14:55:21,R01,76504,10.0,Gleditsia triacanthos (Lederhülsenbaum),PFLANZJAHR
2026-09-06T14:55:21,R01,76505,10.0,Gleditsia triacanthos (Lederhülsenbaum),PFLANZJAHR
2026-09-06T14:55:21,R01,76506,10.0,Gleditsia triacanthos (Lederhülsenbaum),PFLANZJAHR
2026-09-06T14:55:21,R01,76515,10.0,Tilia cordata (Winterlinde),PFLANZJAHR
2026-09-06T14:55:21,R01,76518,10.0,Acer platanoides (Spitzahorn),PFLANZJAHR
2026-09-06T14:55:21,R01,76521,10.0,Acer platanoides (Spitzahorn),PFLANZJAHR
2026-09-06T14:55:21,R01,76522,10.0,Acer platanoides (Spitzahorn),PFLANZJAHR
2026-09-06T14:55:21,R01,202760,12.0,Tilia platyphyllos (Sommerlinde),PFLANZJAHR
2026-09-06T14:55:21,R01,76524,10.0,Acer platanoides (Spitzahorn),PFLANZJAHR
2026-09-06T14:55:21,R01,76525,10.0,Acer platanoides (Spitzahorn),PFLANZJAHR
2026-09-06T14:55:21,R01,76526,10.0,Tilia cordata (Winterlinde),PFLANZJAHR
2026-09-06T14:55:21,R01,76530,10.0,Acer platanoides (Spitzahorn),PFLANZJAHR
2026-09-06T14:55:21,R01,76531,10.0,Acer platanoides (Spitzahorn),PFLANZJAHR
2026-09-06T14:55:21,R01,76532,10.0,Acer platanoides (Spitzahorn),PFLANZJAHR
2026-09-06T14:55:21,R01,76533,10.0,Acer platanoides (Spitzahorn),PFLANZJAHR
2026-09-06T14:55:21,R01,76534,10.0,Acer platanoides (Spitzahorn),PFLANZJAHR
2026-09-06T14:55:21,R01,76384,10.0,Fraxinus ornus (Blumenesche),PFLANZJAHR
2026-09-06T14:55:21,R01,76389,10.0,Populus nigra (Schwarzpappel),PFLANZJAHR
2026-09-06T14:55:21,R01,76390,10.0,Populus nigra (Schwarzpappel),PFLANZJAHR
2026-09-06T14:55:21,R01,76391,10.0,Fraxinus ornus (Blumenesche),PFLANZJAHR
2026-09-06T14:55:21,R01,76393,10.0,Populus nigra (Schwarzpappel),PFLANZJAHR
2026-09-06T14:55:21,R01,76399,10.0,"Pinus nigra (Schwarzkiefer, Schwarzföhre)",PFLANZJAHR
2026-09-06T14:55:21,R01,76403,10.0,"Pinus nigra (Schwarzkiefer, Schwarzföhre)",PFLANZJAHR
2026-09-06T14:55:21,R01,76405,10.0,"Pinus nigra (Schwarzkiefer, Schwarzföhre)",PFLANZJAHR
2026-09-06T14:55:21,R01,76412,10.0,"Pinus nigra (Schwarzkiefer, Schwarzföhre)",PFLANZJAHR
2026-09-06T14:55:21,R01,76416,10.0,"Pinus nigra (Schwarzkiefer, Schwarzföhre)",PFLANZJAHR
2026-09-06T14:55:21,R01,76417,10.0,"Pinus nigra (Schwarzkiefer, Schwarzföhre)",PFLANZJAHR
2026-09-06T14:55:21,R01,76421,10.0,"Pinus nigra (Schwarzkiefer, Schwarzföhre)",PFLANZJAHR
2026-09-06T14:55:21,R01,76422,10.0,"Pinus nigra (Schwarzkiefer, Schwarzföhre)",PFLANZJAHR
2026-09-06T14:55:21,R01,76425,10.0,"Pinus nigra (Schwarzkiefer, Schwarzföhre)",PFLANZJAHR
2026-09-06T14:55:21,R01,76427,10.0,"Pinus nigra (Schwarzkiefer, Schwarzföhre)",PFLANZJAHR
2026-09-06T14:55:21,R01,76436,10.0,Prunus serrulata 'Kanzan' (Japanische Blütenkirsche),PFLANZJAHR
2026-09-06T14:55:21,R01,76437,10.0,Crataegus spec. (Dorn),PFLANZJAHR
2026-09-06T14:55:21,R01,76322,10.0,Carpinus betulus 'Fastigiata' (Säulenhainbuche),PFLANZJAHR
2026-09-06T14:55:21,R01,76324,10.0,Populus nigra (Schwarzpappel),PFLANZJAHR
2026-09-06T14:55:21,R01,202745,12.0,Fraxinus excelsior (Gemeine Esche),PFLANZJAHR
2026-09-06T14:55:21,R01,286617,10.0,Robinia pseudoacacia (Scheinakazie),PFLANZJAHR
2026-09-06T14:55:21,R01,88392,12.0,Fraxinus ornus (Blumenesche),PFLANZJAHR
2026-09-06T14:55:21,R01,76334,10.0,Crataegus laevigata (Weißdorn),PFLANZJAHR
2026-09-06T14:55:21,R01,399684,10.0,Robinia pseudoacacia (Scheinakazie),PFLANZJAHR
2026-09-06T14:55:21,R01,76345,10.0,Populus nigra (Schwarzpappel),PFLANZJAHR
2026-09-06T14:55:21,R01,76346,10.0,Tilia spec. (Linde),PFLANZJAHR
2026-09-06T14:55:21,R01,76347,10.0,Populus nigra (Schwarzpappel),PFLANZJAHR
2026-09-06T14:55:21,R01,76349,10.0,Acer platanoides (Spitzahorn),PFLANZJAHR
2026-09-06T14:55:21,R01,76350,10.0,Populus nigra (Schwarzpappel),PFLANZJAHR
2026-09-06T14:55:21,R01,76352,10.0,Populus nigra (Schwarzpappel),PFLANZJAHR
2026-09-06T14:55:21,R01,76353,10.0,Populus nigra (Schwarzpappel),PFLANZJAHR
2026-09-06T14:55:21,R01,216732,17.0,Ailanthus altissima (Götterbaum),PFLANZJAHR
2026-09-06T14:55:21,R01,76620,10.0,Acer pseudoplatanus (Bergahorn),PFLANZJAHR
2026-09-06T14:55:21,R01,216735,17.0,Aesculus x carnea (Rotblühende Kastanie),PFLANZJAHR
2026-09-06T14:55:21,R01,76621,10.0,Acer pseudoplatanus (Bergahorn),PFLANZJAHR
2026-09-06T14:55:21,R01,216741,17.0,Tilia platyphyllos (Sommerlinde),PFLANZJAHR
2026-09-06T14:55:21,R01,209293,10.0,Robinia pseudoacacia (Scheinakazie),PFLANZJAHR
2026-09-06T14:55:21,R01,76623,10.0,Robinia pseudoacacia (Scheinakazie),PFLANZJAHR
2026-09-06T14:55:21,R01,216744,17.0,Tilia platyphyllos (Sommerlinde),PFLANZJAHR
2026-09-06T14:55:21,R01,133698,10.0,Gleditsia triacanthos (Lederhülsenbaum),PFLANZJAHR
2026-09-06T14:55:21,R01,76657,10.0,Populus nigra 'Italica' (Pyramidenpappel),PFLANZJAHR
2026-09-06T14:55:21,R01,203004,12.0,Sophora japonica (Schnurbaum),PFLANZJAHR
2026-09-06T14:55:21,R01,217871,17.0,Fraxinus excelsior (Gemeine Esche),PFLANZJAHR
2026-09-06T14:55:21,R01,204500,12.0,Ailanthus altissima (Götterbaum),PFLANZJAHR
2026-09-06T14:55:21,R01,203007,12.0,Robinia pseudoacacia (Scheinakazie),PFLANZJAHR
2026-09-06T14:55:21,R01,76659,10.0,Populus nigra 'Italica' (Pyramidenpappel),PFLANZJAHR
2026-09-06T14:55:21,R01,203012,12.0,Acer negundo (Eschenahorn),PFLANZJAHR
2026-09-06T14:55:21,R01,217876,17.0,"Pinus nigra (Schwarzkiefer, Schwarzföhre)",PFLANZJAHR
2026-09-06T14:55:21,R01,76660,10.0,Acer pseudoplatanus (Bergahorn),PFLANZJAHR
2026-09-06T14:55:21,R01,76661,10.0,Ailanthus altissima (Götterbaum),PFLANZJAHR
2026-09-06T14:55:21,R01,257511,10.0,Prunus cerasifera (Kirschpflaume),PFLANZJAHR
2026-09-06T14:55:21,R01,76662,10.0,"Pinus nigra (Schwarzkiefer, Schwarzföhre)",PFLANZJAHR
2026-09-06T14:55:21,R01,260726,13.0,Acer platanoides (Spitzahorn),PFLANZJAHR
2026-09-06T14:55:21,R01,217881,17.0,"Pinus nigra (Schwarzkiefer, Schwarzföhre)",PFLANZJAHR
2026-09-06T14:55:21,R01,217887,17.0,Acer campestre (Feldahorn),PFLANZJAHR
2026-09-06T14:55:21,R01,203003,12.0,Robinia pseudoacacia (Scheinakazie),PFLANZJAHR
2026-09-06T14:55:21,R01,217900,17.0,"Pinus nigra (Schwarzkiefer, Schwarzföhre)",PFLANZJAHR
2026-09-06T14:55:21,R01,76670,10.0,Populus nigra 'Italica' (Pyramidenpappel),PFLANZJAHR
2026-09-06T14:55:21,R01,76671,10.0,Populus nigra (Schwarzpappel),PFLANZJAHR
2026-09-06T14:55:21,R01,76672,10.0,"Pinus nigra (Schwarzkiefer, Schwarzföhre)",PFLANZJAHR
2026-09-06T14:55:21,R01,204502,12.0,Ailanthus altissima (Götterbaum),PFLANZJAHR
2026-09-06T14:55:21,R01,217904,17.0,"Pinus nigra (Schwarzkiefer, Schwarzföhre)",PFLANZJAHR
2026-09-06T14:55:21,R01,217906,17.0,"Picea pungens 'Koster' (Blaufichte, Silberfichte)",PFLANZJAHR
2026-09-06T14:55:21,R01,76681,10.0,Acer campestre (Feldahorn),PFLANZJAHR
2026-09-06T14:55:21,R01,76739,10.0,Tilia spec. (Linde),PFLANZJAHR
2026-09-06T14:55:21,R01,76746,10.0,Populus alba (Silberpappel),PFLANZJAHR
2026-09-06T14:55:21,R01,76747,10.0,Populus alba (Silberpappel),PFLANZJAHR
2026-09-06T14:55:21,R01,76749,10.0,Fraxinus excelsior (Gemeine Esche),PFLANZJAHR
2026-09-06T14:55:21,R01,76757,10.0,Acer platanoides (Spitzahorn),PFLANZJAHR
2026-09-06T14:55:21,R01,76758,10.0,Acer platanoides (Spitzahorn),PFLANZJAHR
2026-09-06T14:55:21,R01,76760,10.0,Populus x canadensis (Kanadische Pappel),PFLANZJAHR
2026-09-06T14:55:21,R01,133742,10.0,Acer platanoides (Spitzahorn),PFLANZJAHR
2026-09-06T14:55:21,R01,282332,13.0,Quercus pubescens (Flaumeiche),PFLANZJAHR
2026-09-06T14:55:21,R01,76770,10.0,Populus nigra 'Italica' (Pyramidenpappel),PFLANZJAHR
2026-09-06T14:55:21,R01,204518,12.0,Tilia cordata (Winterlinde),PFLANZJAHR
2026-09-06T14:55:21,R01,282355,13.0,Quercus cerris (Zerreiche),PFLANZJAHR
2026-09-06T14:55:21,R01,168339,10.0,Acer platanoides (Spitzahorn),PFLANZJAHR
2026-09-06T14:55:21,R01,282364,13.0,Quercus pubescens (Flaumeiche),PFLANZJAHR
2026-09-06T14:55:21,R01,391512,6.0,Platanus x acerifolia (Ahornblättrige Platane),PFLANZJAHR
2026-09-06T14:55:21,R01,391521,6.0,Salix alba 'Tristis' (Trauerweide),PFLANZJAHR
2026-09-06T14:55:21,R01,282650,13.0,Carpinus betulus (Hainbuche),PFLANZJAHR
2026-09-06T14:55:21,R01,76785,10.0,Populus x canadensis (Kanadische Pappel),PFLANZJAHR
2026-09-06T14:55:21,R01,76788,10.0,Populus x canadensis (Kanadische Pappel),PFLANZJAHR
2026-09-06T14:55:21,R01,268205,19.0,Metasequoia glyptostroboides (Urweltmammutbaum),PFLANZJAHR
2026-09-06T14:55:21,R01,209463,12.0,Tilia cordata (Winterlinde),PFLANZJAHR
2026-09-06T14:55:21,R01,76792,10.0,Prunus cerasifera (Kirschpflaume),PFLANZJAHR
2026-09-06T14:55:21,R01,204519,12.0,Tilia cordata (Winterlinde),PFLANZJAHR
2026-09-06T14:55:21,R01,76683,10.0,Acer campestre (Feldahorn),PFLANZJAHR
2026-09-06T14:55:21,R01,217918,17.0,Picea abies (Gemeine Fichte),PFLANZJAHR
2026-09-06T14:55:21,R01,76686,10.0,Acer pseudoplatanus (Bergahorn),PFLANZJAHR
2026-09-06T14:55:21,R01,272821,10.0,Acer platanoides (Spitzahorn),PFLANZJAHR
2026-09-06T14:55:21,R01,303216,10.0,Prunus cerasifera 'Nigra' (Blutpflaume),PFLANZJAHR
2026-09-06T14:55:21,R01,133694,10.0,Prunus cerasifera (Kirschpflaume),PFLANZJAHR
2026-09-06T14:55:21,R01,217924,17.0,"Pinus nigra (Schwarzkiefer, Schwarzföhre)",PFLANZJAHR
2026-09-06T14:55:21,R01,133695,10.0,Prunus cerasifera 'Nigra' (Blutpflaume),PFLANZJAHR
2026-09-06T14:55:21,R01,133696,10.0,Prunus cerasifera 'Nigra' (Blutpflaume),PFLANZJAHR
2026-09-06T14:55:21,R01,133697,10.0,Acer platanoides (Spitzahorn),PFLANZJAHR
2026-09-06T14:55:21,R01,217931,17.0,Tilia platyphyllos (Sommerlinde),PFLANZJAHR
2026-09-06T14:55:21,R01,257513,10.0,Prunus cerasifera (Kirschpflaume),PFLANZJAHR
2026-09-06T14:55:21,R01,76695,10.0,Ulmus spec. (Ulme),PFLANZJAHR
2026-09-06T14:55:21,R01,217934,17.0,Chamaecyparis lawsoniana 'Stewartii' (Goldzypresse),PFLANZJAHR
2026-09-06T14:55:21,R01,133677,10.0,Ulmus spec. (Ulme),PFLANZJAHR
2026-09-06T14:55:21,R01,217936,17.0,Taxus baccata (Heimische Eibe),PFLANZJAHR
2026-09-06T14:55:21,R01,133679,10.0,Salix matsudana 'Tortuosa' (Korkenzieherweide),PFLANZJAHR
2026-09-06T14:55:21,R01,217941,17.0,Taxus baccata (Heimische Eibe),PFLANZJAHR
2026-09-06T14:55:21,R01,154293,10.0,Corylus colurna (Baumhasel),PFLANZJAHR
2026-09-06T14:55:21,R01,222529,17.0,Prunus cerasifera (Kirschpflaume),PFLANZJAHR
2026-09-06T14:55:21,R01,389537,10.0,Robinia pseudoacacia (Scheinakazie),PFLANZJAHR
2026-09-06T14:55:21,R01,76276,10.0,Fraxinus excelsior (Gemeine Esche),PFLANZJAHR
2026-09-06T14:55:21,R01,193646,10.0,Tilia cordata (Winterlinde),PFLANZJAHR
2026-09-06T14:55:21,R01,76277,10.0,Fraxinus excelsior (Gemeine Esche),PFLANZJAHR
2026-09-06T14:55:21,R01,76280,10.0,Fraxinus excelsior (Gemeine Esche),PFLANZJAHR
2026-09-06T14:55:21,R01,76281,10.0,Fraxinus excelsior (Gemeine Esche),PFLANZJAHR
2026-09-06T14:55:21,R01,222531,17.0,Populus nigra 'Italica' (Pyramidenpappel),PFLANZJAHR
2026-09-06T14:55:21,R01,272834,10.0,Quercus robur (Stieleiche),PFLANZJAHR
2026-09-06T14:55:21,R01,222533,17.0,Prunus serrulata 'Kanzan' (Japanische Blütenkirsche),PFLANZJAHR
2026-09-06T14:55:21,R01,376090,17.0,Sambucus nigra (Schwarzer Holunder),PFLANZJAHR
2026-09-06T14:55:21,R01,222538,17.0,Prunus avium (Vogelkirsche),PFLANZJAHR
2026-09-06T14:55:21,R01,376068,17.0,Sambucus nigra (Schwarzer Holunder),PFLANZJAHR
2026-09-06T14:55:21,R01,222545,17.0,Tilia platyphyllos (Sommerlinde),PFLANZJAHR
2026-09-06T14:55:21,R01,222547,17.0,Fagus sylvatica (Rotbuche),PFLANZJAHR
2026-09-06T14:55:21,R01,222558,17.0,Fraxinus pennsylvanica (Rotesche),PFLANZJAHR
2026-09-06T14:55:21,R01,222559,17.0,Tilia platyphyllos (Sommerlinde),PFLANZJAHR
2026-09-06T14:55:21,R01,328140,10.0,Ilex aquifolium (Stechpalme),PFLANZJAHR
2026-09-06T14:55:21,R01,76726,10.0,Fraxinus excelsior (Gemeine Esche),PFLANZJAHR
2026-09-06T14:55:21,R01,76728,10.0,Acer platanoides (Spitzahorn),PFLANZJAHR
2026-09-06T14:55:21,R01,76730,10.0,Acer platanoides (Spitzahorn),PFLANZJAHR
2026-09-06T14:55:21,R01,133734,10.0,Chamaecyparis lawsoniana (Scheinzypresse),PFLANZJAHR
2026-09-06T14:55:21,R01,76734,10.0,Picea abies (Gemeine Fichte),PFLANZJAHR
2026-09-06T14:55:21,R01,399691,10.0,Catalpa bignonioides (Trompetenbaum),PFLANZJAHR
2026-09-06T14:55:21,R01,76737,10.0,Tilia spec. (Linde),PFLANZJAHR
2026-09-06T14:55:21,R01,76738,10.0,Tilia spec. (Linde),PFLANZJAHR
2026-09-06T14:55:21,R01,76625,10.0,Tilia cordata (Winterlinde),PFLANZJAHR
2026-09-06T14:55:21,R01,175587,10.0,Acer pseudoplatanus (Bergahorn),PFLANZJAHR
2026-09-06T14:55:21,R01,217826,17.0,Acer negundo (Eschenahorn),PFLANZJAHR
2026-09-06T14:55:21,R01,76629,10.0,Acer pseudoplatanus (Bergahorn),PFLANZJAHR
2026-09-06T14:55:21,R01,217833,17.0,"Pinus nigra (Schwarzkiefer, Schwarzföhre)",PFLANZJAHR
2026-09-06T14:55:21,R01,133684,10.0,Acer pseudoplatanus (Bergahorn),PFLANZJAHR
2026-09-06T14:55:21,R01,217838,17.0,Abies pinsapo (Spanische Tanne),PFLANZJAHR
2026-09-06T14:55:21,R01,217853,17.0,Acer platanoides 'Crimson King' (Blutahorn),PFLANZJAHR
2026-09-06T14:55:21,R01,217858,17.0,Acer platanoides (Spitzahorn),PFLANZJAHR
2026-09-06T14:55:21,R01,76650,10.0,Populus nigra 'Italica' (Pyramidenpappel),PFLANZJAHR
2026-09-06T14:55:21,R14,278562,14.0,Fraxinus pennsylvanica (Rotesche),PFLANZJAHR
2026-09-06T14:55:21,R14,111826,13.0,Aesculus hippocastanum (Rosskastanie),PFLANZJAHR
2026-09-06T14:55:21,R14,11571,16.0,Prunus serrulata 'Kanzan' (Japanische Blütenkirsche),PFLANZJAHR
2026-09-06T14:55:21,R14,225018,16.0,Acer platanoides (Spitzahorn),PFLANZJAHR
2026-09-06T14:55:21,R14,111785,13.0,Aesculus hippocastanum (Rosskastanie),PFLANZJAHR
2026-09-06T14:55:21,R14,11576,16.0,Prunus serrulata 'Kanzan' (Japanische Blütenkirsche),PFLANZJAHR
2026-09-06T14:55:21,R14,37707,20.0,Fraxinus excelsior (Gemeine Esche),PFLANZJAHR
2026-09-06T14:55:21,R14,111860,13.0,Fraxinus pennsylvanica (Rotesche),PFLANZJAHR
2026-09-06T14:55:21,R14,257076,22.0,Acer platanoides 'Eurostar' (Spitzahorn),PFLANZJAHR
2026-09-06T14:55:21,R14,32850,17.0,Tilia cordata (Winterlinde),PFLANZJAHR
2026-09-06T14:55:21,R14,111840,13.0,Fraxinus excelsior (Gemeine Esche),PFLANZJAHR
2026-09-06T14:55:21,R14,111844,13.0,Fraxinus excelsior (Gemeine Esche),PFLANZJAHR
2026-09-06T14:55:21,R14,32853,17.0,Tilia cordata (Winterlinde),PFLANZJAHR
2026-09-06T14:55:21,R14,32856,17.0,Fraxinus excelsior (Gemeine Esche),PFLANZJAHR
2026-09-06T14:55:21,R14,37710,20.0,Fraxinus angustifolia (Schmalblättrige Esche),PFLANZJAHR
2026-09-06T14:55:21,R14,278604,14.0,Tilia cordata (Winterlinde),PFLANZJAHR
2026-09-06T14:55:21,R14,11591,16.0,Robinia pseudoacacia (Scheinakazie),PFLANZJAHR
2026-09-06T14:55:21,R14,37712,20.0,Acer platanoides 'Crimson King' (Blutahorn),PFLANZJAHR
2026-09-06T14:55:21,R14,44995,17.0,Robinia pseudoacacia (Scheinakazie),PFLANZJAHR
2026-09-06T14:55:21,R14,76340,10.0,Tilia cordata (Winterlinde),PFLANZJAHR
2026-09-06T14:55:21,R14,37714,20.0,Acer platanoides 'Crimson King' (Blutahorn),PFLANZJAHR
2026-09-06T14:55:21,R14,76342,10.0,Tilia cordata (Winterlinde),PFLANZJAHR
2026-09-06T14:55:21,R14,76341,10.0,Tilia cordata (Winterlinde),PFLANZJAHR
2026-09-06T14:55:21,R14,225027,16.0,Quercus robur (Stieleiche),PFLANZJAHR
2026-09-06T14:55:21,R14,37716,20.0,Acer platanoides 'Crimson King' (Blutahorn),PFLANZJAHR
2026-09-06T14:55:21,R14,188403,22.0,Acer negundo (Eschenahorn),PFLANZJAHR
2026-09-06T14:55:21,R14,36824,20.0,Acer pseudoplatanus (Bergahorn),PFLANZJAHR
2026-09-06T14:55:21,R14,297644,11.0,Platanus x acerifolia (Ahornblättrige Platane),PFLANZJAHR
2026-09-06T14:55:21,R14,330207,3.0,Aesculus hippocastanum (Rosskastanie),PFLANZJAHR
2026-09-06T14:55:21,R14,36827,20.0,Acer pseudoplatanus (Bergahorn),PFLANZJAHR
2026-09-06T14:55:21,R14,36829,20.0,Acer platanoides (Spitzahorn),PFLANZJAHR
2026-09-06T14:55:21,R14,330208,3.0,Aesculus hippocastanum (Rosskastanie),PFLANZJAHR
2026-09-06T14:55:21,R14,330209,3.0,Prunus cerasus (Sauerkirsche),PFLANZJAHR
2026-09-06T14:55:21,R14,36830,20.0,Fraxinus excelsior 'Diversifolia' (Einblättrige Esche),PFLANZJAHR
2026-09-06T14:55:21,R14,12635,16.0,Aesculus hippocastanum (Rosskastanie),PFLANZJAHR
2026-09-06T14:55:21,R14,36835,20.0,Acer platanoides (Spitzahorn),PFLANZJAHR
2026-09-06T14:55:21,R14,330210,3.0,Prunus cerasus (Sauerkirsche),PFLANZJAHR
2026-09-06T14:55:21,R14,330213,3.0,Prunus avium (Vogelkirsche),PFLANZJAHR
2026-09-06T14:55:21,R14,12641,16.0,Aesculus x carnea (Rotblühende Kastanie),PFLANZJAHR
2026-09-06T14:55:21,R14,188407,22.0,Acer negundo (Eschenahorn),PFLANZJAHR
2026-09-06T14:55:21,R14,20793,21.0,Corylus colurna (Baumhasel),PFLANZJAHR
2026-09-06T14:55:21,R14,12643,16.0,Aesculus x carnea (Rotblühende Kastanie),PFLANZJAHR
2026-09-06T14:55:21,R14,280619,22.0,Prunus cerasifera (Kirschpflaume),PFLANZJAHR
2026-09-06T14:55:21,R14,280620,22.0,Prunus cerasifera (Kirschpflaume),PFLANZJAHR
2026-09-06T14:55:21,R14,20795,21.0,Corylus colurna (Baumhasel),PFLANZJAHR
2026-09-06T14:55:21,R14,12644,16.0,Aesculus hippocastanum (Rosskastanie),PFLANZJAHR
2026-09-06T14:55:21,R14,330214,3.0,Aesculus hippocastanum (Rosskastanie),PFLANZJAHR
2026-09-06T14:55:21,R14,188409,22.0,Carpinus betulus 'Frans Fontaine' (Schlanke Säulenhainbuche),PFLANZJAHR
2026-09-06T14:55:21,R14,12649,16.0,Aesculus hippocastanum (Rosskastanie),PFLANZJAHR
2026-09-06T14:55:21,R14,12650,16.0,Aesculus hippocastanum (Rosskastanie),PFLANZJAHR
2026-09-06T14:55:21,R14,188410,22.0,Carpinus betulus 'Frans Fontaine' (Schlanke Säulenhainbuche),PFLANZJAHR
2026-09-06T14:55:21,R14,36858,20.0,Acer platanoides 'Crimson King' (Blutahorn),PFLANZJAHR
2026-09-06T14:55:21,R14,330215,3.0,Aesculus hippocastanum (Rosskastanie),PFLANZJAHR
2026-09-06T14:55:21,R14,188420,22.0,Acer negundo (Eschenahorn),PFLANZJAHR
2026-09-06T14:55:21,R14,188416,22.0,Acer negundo (Eschenahorn),PFLANZJAHR
2026-09-06T14:55:21,R14,188419,22.0,Acer negundo (Eschenahorn),PFLANZJAHR
2026-09-06T14:55:21,R14,36867,20.0,Acer platanoides (Spitzahorn),PFLANZJAHR
2026-09-06T14:55:21,R14,280655,22.0,Fraxinus excelsior (Gemeine Esche),PFLANZJAHR
2026-09-06T14:55:21,R14,36870,20.0,Acer platanoides (Spitzahorn),PFLANZJAHR
2026-09-06T14:55:21,R14,101551,11.0,Aesculus hippocastanum 'Baumannii' (Gefülltblühende Kastanie),PFLANZJAHR
2026-09-06T14:55:21,R14,330217,3.0,Aesculus hippocastanum (Rosskastanie),PFLANZJAHR
2026-09-06T14:55:21,R14,330218,3.0,Prunus cerasus (Sauerkirsche),PFLANZJAHR
2026-09-06T14:55:21,R14,21137,22.0,Juglans regia (Walnussbaum),PFLANZJAHR
2026-09-06T14:55:21,R14,36871,20.0,Acer pseudoplatanus (Bergahorn),PFLANZJAHR
2026-09-06T14:55:21,R14,101552,11.0,Aesculus hippocastanum 'Baumannii' (Gefülltblühende Kastanie),PFLANZJAHR
2026-09-06T14:55:21,R14,21138,22.0,Juglans regia (Walnussbaum),PFLANZJAHR
2026-09-06T14:55:21,R14,330219,3.0,Prunus avium (Vogelkirsche),PFLANZJAHR
2026-09-06T14:55:21,R14,12677,16.0,Tilia cordata (Winterlinde),PFLANZJAHR
2026-09-06T14:55:21,R14,23753,22.0,Aesculus hippocastanum (Rosskastanie),PFLANZJAHR
2026-09-06T14:55:21,R14,297637,11.0,Platanus x acerifolia (Ahornblättrige Platane),PFLANZJAHR
2026-09-06T14:55:21,R14,23755,22.0,Aesculus hippocastanum (Rosskastanie),PFLANZJAHR
2026-09-06T14:55:21,R14,36875,20.0,Acer platanoides (Spitzahorn),PFLANZJAHR
2026-09-06T14:55:21,R14,330221,3.0,Aesculus hippocastanum (Rosskastanie),PFLANZJAHR
2026-09-06T14:55:21,R14,58145,18.0,Chamaecyparis lawsoniana (Scheinzypresse),PFLANZJAHR
2026-09-06T14:55:21,R14,278630,14.0,Platanus x acerifolia (Ahornblättrige Platane),PFLANZJAHR
2026-09-06T14:55:21,R14,225030,16.0,Quercus robur (Stieleiche),PFLANZJAHR
2026-09-06T14:55:21,R14,37717,20.0,Acer platanoides 'Crimson King' (Blutahorn),PFLANZJAHR
2026-09-06T14:55:21,R14,281022,14.0,Pinus nigra nigra (Österreichische Schwarzkiefer),PFLANZJAHR
2026-09-06T14:55:21,R14,257097,22.0,Prunus cerasifera (Kirschpflaume),PFLANZJAHR
2026-09-06T14:55:21,R14,122408,23.0,Fraxinus excelsior (Gemeine Esche),PFLANZJAHR
2026-09-06T14:55:21,R14,172640,10.0,Populus alba (Silberpappel),PFLANZJAHR
2026-09-06T14:55:21,R14,265374,23.0,Ulmus minor (Feldulme),PFLANZJAHR
2026-09-06T14:55:21,R14,37722,20.0,Fraxinus americana (Weiß-Esche),PFLANZJAHR
2026-09-06T14:55:21,R14,257098,22.0,Populus alba (Silberpappel),PFLANZJAHR
2026-09-06T14:55:21,R14,257470,22.0,Populus alba (Silberpappel),PFLANZJAHR
2026-09-06T14:55:21,R14,37723,20.0,Fraxinus pennsylvanica (Rotesche),PFLANZJAHR
2026-09-06T14:55:21,R14,257099,22.0,Fraxinus excelsior (Gemeine Esche),PFLANZJAHR
2026-09-06T14:55:21,R14,37726,20.0,Fraxinus excelsior (Gemeine Esche),PFLANZJAHR
2026-09-06T14:55:21,R14,257104,22.0,Fraxinus excelsior (Gemeine Esche),PFLANZJAHR
2026-09-06T14:55:21,R14,257113,22.0,Ulmus glabra (Bergulme),PFLANZJAHR
2026-09-06T14:55:21,R14,12192,16.0,Aesculus hippocastanum (Rosskastanie),PFLANZJAHR
2026-09-06T14:55:21,R14,115618,23.0,Tilia platyphyllos (Sommerlinde),PFLANZJAHR
2026-09-06T14:55:21,R14,37727,20.0,Fraxinus excelsior (Gemeine Esche),PFLANZJAHR
2026-09-06T14:55:21,R14,12195,16.0,Aesculus hippocastanum (Rosskastanie),PFLANZJAHR
2026-09-06T14:55:21,R14,37728,20.0,Fraxinus excelsior (Gemeine Esche),PFLANZJAHR
2026-09-06T14:55:21,R14,189910,16.0,Platanus x acerifolia (Ahornblättrige Platane),PFLANZJAHR
2026-09-06T14:55:21,R14,37729,20.0,Fraxinus excelsior (Gemeine Esche),PFLANZJAHR
2026-09-06T14:55:21,R14,37730,20.0,Acer pseudoplatanus (Bergahorn),PFLANZJAHR
2026-09-06T14:55:21,R14,30976,2.0,Tilia platyphyllos (Sommerlinde),PFLANZJAHR
2026-09-06T14:55:21,R14,185623,14.0,Fraxinus ornus (Blumenesche),PFLANZJAHR
2026-09-06T14:55:21,R14,189914,16.0,Betula pendula (Weißbirke),PFLANZJAHR
2026-09-06T14:55:21,R14,30977,2.0,Tilia platyphyllos (Sommerlinde),PFLANZJAHR
2026-09-06T14:55:21,R14,37732,20.0,Fraxinus ornus (Blumenesche),PFLANZJAHR
2026-09-06T14:55:21,R14,37733,20.0,Fraxinus excelsior (Gemeine Esche),PFLANZJAHR
2026-09-06T14:55:21,R14,379826,14.0,Corylus colurna (Baumhasel),PFLANZJAHR
2026-09-06T14:55:21,R14,148289,2.0,Acer platanoides (Spitzahorn),PFLANZJAHR
2026-09-06T14:55:21,R14,266982,23.0,Acer campestre (Feldahorn),PFLANZJAHR
2026-09-06T14:55:21,R14,379857,14.0,Pseudotsuga menziesii (Küstendouglasie),PFLANZJAHR
2026-09-06T14:55:21,R14,30950,2.0,Tilia americana 'Nova' (Amerikanische Linde),PFLANZJAHR
2026-09-06T14:55:21,R14,37736,20.0,Fraxinus excelsior (Gemeine Esche),PFLANZJAHR
2026-09-06T14:55:21,R14,102253,16.0,Pyrus calleryana 'Chanticleer' (Zierbirne),PFLANZJAHR
2026-09-06T14:55:21,R14,76351,10.0,Populus nigra (Schwarzpappel),PFLANZJAHR
2026-09-06T14:55:21,R14,37738,20.0,Quercus robur 'Fastigiata' (Säuleneiche),PFLANZJAHR
2026-09-06T14:55:21,R14,213928,14.0,Acer platanoides (Spitzahorn),PFLANZJAHR
2026-09-06T14:55:21,R14,213947,14.0,Betula pendula (Weißbirke),PFLANZJAHR
2026-09-06T14:55:21,R14,37739,20.0,Quercus robur 'Fastigiata' (Säuleneiche),PFLANZJAHR
2026-09-06T14:55:21,R14,37740,20.0,Quercus robur 'Fastigiata' (Säuleneiche),PFLANZJAHR
2026-09-06T14:55:21,R14,37741,20.0,Quercus robur 'Fastigiata' (Säuleneiche),PFLANZJAHR
2026-09-06T14:55:21,R14,225051,16.0,Tilia platyphyllos (Sommerlinde),PFLANZJAHR
2026-09-06T14:55:21,R14,83427,14.0,Tilia platyphyllos (Sommerlinde),PFLANZJAHR
2026-09-06T14:55:21,R14,265384,23.0,Acer campestre (Feldahorn),PFLANZJAHR
2026-09-06T14:55:21,R14,102260,16.0,Pyrus calleryana 'Chanticleer' (Zierbirne),PFLANZJAHR
2026-09-06T14:55:21,R14,37743,20.0,Quercus robur 'Fastigiata' (Säuleneiche),PFLANZJAHR
2026-09-06T14:55:21,R14,37744,20.0,Acer platanoides 'Crimson King' (Blutahorn),PFLANZJAHR
2026-09-06T14:55:21,R14,102263,16.0,Pyrus calleryana 'Chanticleer' (Zierbirne),PFLANZJAHR
2026-09-06T14:55:21,R14,387158,11.0,Robinia pseudoacacia (Scheinakazie),PFLANZJAHR
2026-09-06T14:55:21,R14,76356,10.0,Betula pendula (Weißbirke),PFLANZJAHR
2026-09-06T14:55:21,R14,242109,13.0,Fraxinus excelsior 'Pendula' (Hängeesche),PFLANZJAHR
2026-09-06T14:55:21,R14,37746,20.0,Acer platanoides 'Crimson King' (Blutahorn),PFLANZJAHR
2026-09-06T14:55:21,R14,242111,13.0,Fraxinus excelsior 'Pendula' (Hängeesche),PFLANZJAHR
2026-09-06T14:55:21,R14,153745,14.0,Acer campestre (Feldahorn),PFLANZJAHR
2026-09-06T14:55:21,R14,242115,13.0,Juglans regia (Walnussbaum),PFLANZJAHR
2026-09-06T14:55:21,R14,153754,14.0,Prunus avium (Vogelkirsche),PFLANZJAHR
2026-09-06T14:55:21,R14,348473,17.0,Acer campestre (Feldahorn),PFLANZJAHR
2026-09-06T14:55:21,R14,242117,13.0,Fraxinus excelsior (Gemeine Esche),PFLANZJAHR
2026-09-06T14:55:21,R14,242123,13.0,Quercus robur (Stieleiche),PFLANZJAHR
2026-09-06T14:55:21,R14,348478,17.0,Acer campestre (Feldahorn),PFLANZJAHR
2026-09-06T14:55:21,R14,242127,13.0,Quercus robur (Stieleiche),PFLANZJAHR
2026-09-06T14:55:21,R14,219949,20.0,"Pinus nigra (Schwarzkiefer, Schwarzföhre)",PFLANZJAHR
2026-09-06T14:55:21,R14,242129,13.0,Acer campestre (Feldahorn),PFLANZJAHR
2026-09-06T14:55:21,R14,348480,17.0,Acer campestre (Feldahorn),PFLANZJAHR
2026-09-06T14:55:21,R14,242130,13.0,Acer campestre (Feldahorn),PFLANZJAHR
2026-09-06T14:55:21,R14,153774,14.0,Carpinus betulus (Hainbuche),PFLANZJAHR
2026-09-06T14:55:21,R14,37750,20.0,Acer platanoides 'Crimson King' (Blutahorn),PFLANZJAHR
2026-09-06T14:55:21,R14,242132,13.0,Acer campestre (Feldahorn),PFLANZJAHR
2026-09-06T14:55:21,R14,76359,10.0,Betula pendula (Weißbirke),PFLANZJAHR
2026-09-06T14:55:21,R14,153776,14.0,Acer campestre (Feldahorn),PFLANZJAHR
2026-09-06T14:55:21,R14,242134,13.0,Acer campestre (Feldahorn),PFLANZJAHR
2026-09-06T14:55:21,R14,242135,13.0,Acer campestre (Feldahorn),PFLANZJAHR
2026-09-06T14:55:21,R14,153787,14.0,Carpinus betulus (Hainbuche),PFLANZJAHR
2026-09-06T14:55:21,R14,348488,17.0,Acer platanoides (Spitzahorn),PFLANZJAHR
2026-09-06T14:55:21,R14,225101,16.0,Ilex aquifolium (Stechpalme),PFLANZJAHR
2026-09-06T14:55:21,R14,153799,14.0,Carpinus betulus (Hainbuche),PFLANZJAHR
2026-09-06T14:55:21,R14,359385,17.0,Acer campestre (Feldahorn),PFLANZJAHR
2026-09-06T14:55:21,R14,153801,14.0,Carpinus betulus (Hainbuche),PFLANZJAHR
2026-09-06T14:55:21,R14,348490,17.0,Fraxinus excelsior (Gemeine Esche),PFLANZJAHR
2026-09-06T14:55:21,R14,153809,14.0,Acer campestre (Feldahorn),PFLANZJAHR
2026-09-06T14:55:21,R14,348491,17.0,Acer campestre (Feldahorn),PFLANZJAHR
2026-09-06T14:55:21,R14,225117,16.0,"Pinus nigra (Schwarzkiefer, Schwarzföhre)",PFLANZJAHR
2026-09-06T14:55:21,R14,37752,20.0,Acer platanoides 'Crimson King' (Blutahorn),PFLANZJAHR
2026-09-06T14:55:21,R14,348493,17.0,Acer platanoides (Spitzahorn),PFLANZJAHR
2026-09-06T14:55:21,R14,76361,10.0,Acer pseudoplatanus (Bergahorn),PFLANZJAHR
2026-09-06T14:55:21,R14,153844,14.0,Aesculus hippocastanum (Rosskastanie),PFLANZJAHR
2026-09-06T14:55:21,R14,348496,17.0,Acer campestre (Feldahorn),PFLANZJAHR
2026-09-06T14:55:21,R14,153846,14.0,Fraxinus excelsior (Gemeine Esche),PFLANZJAHR
2026-09-06T14:55:21,R14,153850,14.0,Fraxinus excelsior (Gemeine Esche),PFLANZJAHR
2026-09-06T14:55:21,R14,348504,17.0,Acer campestre (Feldahorn),PFLANZJAHR
2026-09-06T14:55:21,R14,348507,17.0,Fraxinus excelsior (Gemeine Esche),PFLANZJAHR
2026-09-06T14:55:21,R14,348508,17.0,Prunus avium (Vogelkirsche),PFLANZJAHR
2026-09-06T14:55:21,R14,153851,14.0,Acer campestre (Feldahorn),PFLANZJAHR
2026-09-06T14:55:21,R14,348515,17.0,Fraxinus excelsior (Gemeine Esche),PFLANZJAHR
2026-09-06T14:55:21,R14,76363,10.0,Fraxinus excelsior (Gemeine Esche),PFLANZJAHR
2026-09-06T14:55:21,R14,153853,14.0,Ulmus minor (Feldulme),PFLANZJAHR
2026-09-06T14:55:21,R14,153862,14.0,Acer platanoides (Spitzahorn),PFLANZJAHR
2026-09-06T14:55:21,R14,153866,14.0,Carpinus betulus (Hainbuche),PFLANZJAHR
2026-09-06T14:55:21,R14,252340,14.0,Robinia pseudoacacia (Scheinakazie),PFLANZJAHR
2026-09-06T14:55:21,R14,101525,11.0,Aesculus hippocastanum (Rosskastanie),PFLANZJAHR
2026-09-06T14:55:21,R14,153878,14.0,Acer campestre (Feldahorn),PFLANZJAHR
2026-09-06T14:55:21,R14,348516,17.0,Acer campestre (Feldahorn),PFLANZJAHR
2026-09-06T14:55:21,R14,348517,17.0,Acer campestre (Feldahorn),PFLANZJAHR
2026-09-06T14:55:21,R14,297628,11.0,Juglans regia (Walnussbaum),PFLANZJAHR
2026-09-06T14:55:21,R14,297630,11.0,Juglans regia (Walnussbaum),PFLANZJAHR
2026-09-06T14:55:21,R14,348522,17.0,Acer campestre (Feldahorn),PFLANZJAHR
2026-09-06T14:55:21,R14,153890,14.0,Ulmus glabra (Bergulme),PFLANZJAHR
2026-09-06T14:55:21,R14,348528,17.0,Acer campestre (Feldahorn),PFLANZJAHR
2026-09-06T14:55:21,R14,76365,10.0,Tilia spec. (Linde),PFLANZJAHR
2026-09-06T14:55:21,R14,153903,14.0,Ulmus glabra (Bergulme),PFLANZJAHR
2026-09-06T14:55:21,R14,16395,22.0,Aesculus hippocastanum (Rosskastanie),PFLANZJAHR
2026-09-06T14:55:21,R14,240297,22.0,Tilia platyphyllos (Sommerlinde),PFLANZJAHR
2026-09-06T14:55:21,R14,153904,14.0,Acer campestre (Feldahorn),PFLANZJAHR
2026-09-06T14:55:21,R14,240298,22.0,Tilia platyphyllos (Sommerlinde),PFLANZJAHR
2026-09-06T14:55:21,R14,12619,16.0,Aesculus x carnea (Rotblühende Kastanie),PFLANZJAHR
2026-09-06T14:55:21,R14,153909,14.0,Fraxinus excelsior (Gemeine Esche),PFLANZJAHR
2026-09-06T14:55:21,R14,12621,16.0,Aesculus hippocastanum (Rosskastanie),PFLANZJAHR
2026-09-06T14:55:21,R14,76367,10.0,Picea omorika (Serbische Fichte),PFLANZJAHR
2026-09-06T14:55:21,R14,154004,14.0,Quercus rubra (Roteiche),PFLANZJAHR
2026-09-06T14:55:21,R14,154003,14.0,Quercus rubra (Roteiche),PFLANZJAHR
2026-09-06T14:55:21,R14,43547,2.0,Platanus x acerifolia (Ahornblättrige Platane),PFLANZJAHR
2026-09-06T14:55:21,R14,43551,2.0,Platanus x acerifolia (Ahornblättrige Platane),PFLANZJAHR
2026-09-06T14:55:21,R14,12629,16.0,Aesculus hippocastanum (Rosskastanie),PFLANZJAHR
2026-09-06T14:55:21,R14,12631,16.0,Aesculus hippocastanum (Rosskastanie),PFLANZJAHR
2026-09-06T14:55:21,R14,297639,11.0,Acer platanoides 'Crimson King' (Blutahorn),PFLANZJAHR
2026-09-06T14:55:21,R14,188400,22.0,Acer negundo (Eschenahorn),PFLANZJAHR
2026-09-06T14:55:21,R14,43552,2.0,Platanus x acerifolia (Ahornblättrige Platane),PFLANZJAHR
2026-09-06T14:55:21,R14,240300,22.0,Tilia platyphyllos (Sommerlinde),PFLANZJAHR
2026-09-06T14:55:21,R14,12634,16.0,Aesculus hippocastanum (Rosskastanie),PFLANZJAHR
2026-09-06T14:55:21,R14,188401,22.0,Acer negundo (Eschenahorn),PFLANZJAHR
2026-09-06T14:55:21,R14,330206,3.0,Aesculus hippocastanum (Rosskastanie),PFLANZJAHR
2026-09-06T14:55:21,R14,15831,16.0,Prunus serrulata 'Kanzan' (Japanische Blütenkirsche),PFLANZJAHR
2026-09-06T14:55:21,R14,256960,22.0,Populus alba (Silberpappel),PFLANZJAHR
2026-09-06T14:55:21,R14,256962,22.0,Morus alba (Weißer Maulbeerbaum),PFLANZJAHR
2026-09-06T14:55:21,R14,76307,10.0,"Pinus nigra (Schwarzkiefer, Schwarzföhre)",PFLANZJAHR
2026-09-06T14:55:21,R14,256964,22.0,Morus alba (Weißer Maulbeerbaum),PFLANZJAHR
2026-09-06T14:55:21,R14,235460,14.0,"Pinus nigra (Schwarzkiefer, Schwarzföhre)",PFLANZJAHR
2026-09-06T14:55:21,R14,76308,10.0,Picea abies (Gemeine Fichte),PFLANZJAHR
2026-09-06T14:55:21,R14,43257,20.0,Pyrus calleryana 'Aristocrat' (Zierbirne),PFLANZJAHR
2026-09-06T14:55:21,R14,11312,16.0,Betula pendula (Weißbirke),PFLANZJAHR
2026-09-06T14:55:21,R14,76309,10.0,"Pinus nigra (Schwarzkiefer, Schwarzföhre)",PFLANZJAHR
2026-09-06T14:55:21,R14,224605,16.0,Malus spec. (Apfelbaum),PFLANZJAHR
2026-09-06T14:55:21,R14,97974,16.0,Prunus serrulata 'Kanzan' (Japanische Blütenkirsche),PFLANZJAHR
2026-09-06T14:55:21,R14,76310,10.0,Catalpa bignonioides (Trompetenbaum),PFLANZJAHR
2026-09-06T14:55:21,R14,224611,16.0,Parrotia persica (Eisenholzbaum),PFLANZJAHR
2026-09-06T14:55:21,R14,194757,16.0,Acer platanoides 'Schwedleri' (Rotblättriger Spitzahorn),PFLANZJAHR
2026-09-06T14:55:21,R14,43258,20.0,Pyrus calleryana 'Aristocrat' (Zierbirne),PFLANZJAHR
2026-09-06T14:55:21,R14,194759,16.0,Acer platanoides (Spitzahorn),PFLANZJAHR
2026-09-06T14:55:21,R14,43259,20.0,Pyrus calleryana 'Aristocrat' (Zierbirne),PFLANZJAHR
2026-09-06T14:55:21,R14,194760,16.0,Acer platanoides 'Crimson King' (Blutahorn),PFLANZJAHR
2026-09-06T14:55:21,R14,107216,12.0,Corylus colurna (Baumhasel),PFLANZJAHR
2026-09-06T14:55:21,R14,87933,17.0,Robinia pseudoacacia 'Umbraculifera' (Kugelakazie),PFLANZJAHR
2026-09-06T14:55:21,R14,107217,12.0,Corylus colurna (Baumhasel),PFLANZJAHR
2026-09-06T14:55:21,R14,107220,12.0,Corylus colurna (Baumhasel),PFLANZJAHR
2026-09-06T14:55:21,R14,397706,22.0,Cornus mas (Dirndlstrauch),PFLANZJAHR
2026-09-06T14:55:21,R14,76313,10.0,Populus nigra (Schwarzpappel),PFLANZJAHR
2026-09-06T14:55:21,R14,107221,12.0,Corylus colurna (Baumhasel),PFLANZJAHR
2026-09-06T14:55:21,R14,107224,12.0,Corylus colurna (Baumhasel),PFLANZJAHR
2026-09-06T14:55:21,R14,214985,14.0,Prunus cerasifera (Kirschpflaume),PFLANZJAHR
2026-09-06T14:55:21,R14,107226,12.0,Corylus colurna (Baumhasel),PFLANZJAHR
2026-09-06T14:55:21,R14,107227,12.0,Corylus colurna (Baumhasel),PFLANZJAHR
2026-09-06T14:55:21,R14,107229,12.0,Corylus colurna (Baumhasel),PFLANZJAHR
2026-09-06T14:55:21,R14,107230,12.0,Corylus colurna (Baumhasel),PFLANZJAHR
2026-09-06T14:55:21,R14,109993,12.0,Acer campestre (Feldahorn),PFLANZJAHR
2026-09-06T14:55:21,R14,397707,22.0,Taxus baccata (Heimische Eibe),PFLANZJAHR
2026-09-06T14:55:21,R14,107231,12.0,Corylus colurna (Baumhasel),PFLANZJAHR
2026-09-06T14:55:21,R14,11437,16.0,Acer platanoides 'Crimson King' (Blutahorn),PFLANZJAHR
2026-09-06T14:55:21,R14,44350,20.0,Fraxinus pennsylvanica (Rotesche),PFLANZJAHR
2026-09-06T14:55:21,R14,11442,16.0,Acer platanoides 'Crimson King' (Blutahorn),PFLANZJAHR
2026-09-06T14:55:21,R14,133474,12.0,Gleditsia triacanthos 'Inermis' (Dornenloser Lederhülsenbaum),PFLANZJAHR
2026-09-06T14:55:21,R14,11447,16.0,Acer platanoides 'Crimson King' (Blutahorn),PFLANZJAHR
2026-09-06T14:55:21,R14,132221,12.0,Malus hybride 'Street Parade' (Zierapfel),PFLANZJAHR
2026-09-06T14:55:21,R14,35966,20.0,Tilia cordata (Winterlinde),PFLANZJAHR
2026-09-06T14:55:21,R14,132222,12.0,Ailanthus altissima (Götterbaum),PFLANZJAHR
2026-09-06T14:55:21,R14,11449,16.0,Acer platanoides 'Crimson King' (Blutahorn),PFLANZJAHR
2026-09-06T14:55:21,R14,257011,22.0,Populus alba (Silberpappel),PFLANZJAHR
2026-09-06T14:55:21,R14,11457,16.0,Aesculus hippocastanum (Rosskastanie),PFLANZJAHR
2026-09-06T14:55:21,R14,35968,20.0,Tilia cordata (Winterlinde),PFLANZJAHR
2026-09-06T14:55:21,R14,257020,22.0,Acer opalus (Italienischer Ahorn),PFLANZJAHR
2026-09-06T14:55:21,R14,11465,16.0,Acer platanoides (Spitzahorn),PFLANZJAHR
2026-09-06T14:55:21,R14,278397,14.0,Robinia pseudoacacia (Scheinakazie),PFLANZJAHR
2026-09-06T14:55:21,R14,76319,10.0,Carpinus betulus 'Fastigiata' (Säulenhainbuche),PFLANZJAHR
2026-09-06T14:55:21,R14,278399,14.0,Pinus nigra nigra (Österreichische Schwarzkiefer),PFLANZJAHR
2026-09-06T14:55:21,R14,257022,22.0,Acer platanoides 'Crimson King' (Blutahorn),PFLANZJAHR
2026-09-06T14:55:21,R14,287393,22.0,Acer negundo (Eschenahorn),PFLANZJAHR
2026-09-06T14:55:21,R14,11468,16.0,Acer platanoides (Spitzahorn),PFLANZJAHR
2026-09-06T14:55:21,R14,257028,22.0,Fagus sylvatica 'Quercifolia' (Eichenblättrige Blutbuche),PFLANZJAHR
2026-09-06T14:55:21,R14,257032,22.0,Populus x canescens (Graupappel),PFLANZJAHR
2026-09-06T14:55:21,R14,191335,11.0,Tilia platyphyllos (Sommerlinde),PFLANZJAHR
2026-09-06T14:55:21,R14,257030,22.0,Malus hybrida 'Royalty' (Blutapfel),PFLANZJAHR
2026-09-06T14:55:21,R14,282588,2.0,Acer platanoides (Spitzahorn),PFLANZJAHR
2026-09-06T14:55:21,R14,11490,16.0,Tilia cordata (Winterlinde),PFLANZJAHR
2026-09-06T14:55:21,R14,76321,10.0,Carpinus betulus 'Fastigiata' (Säulenhainbuche),PFLANZJAHR
2026-09-06T14:55:21,R14,11493,16.0,Tilia cordata (Winterlinde),PFLANZJAHR
2026-09-06T14:55:21,R14,35973,20.0,Tilia cordata (Winterlinde),PFLANZJAHR
2026-09-06T14:55:21,R14,257036,22.0,Populus nigra 'Italica' (Pyramidenpappel),PFLANZJAHR
2026-09-06T14:55:21,R14,11497,16.0,Tilia cordata (Winterlinde),PFLANZJAHR
2026-09-06T14:55:21,R14,278462,14.0,Acer platanoides (Spitzahorn),PFLANZJAHR
2026-09-06T14:55:21,R14,35975,20.0,Tilia cordata (Winterlinde),PFLANZJAHR
2026-09-06T14:55:21,R14,11534,16.0,Acer platanoides 'Crimson King' (Blutahorn),PFLANZJAHR
2026-09-06T14:55:21,R14,76323,10.0,Carpinus betulus 'Fastigiata' (Säulenhainbuche),PFLANZJAHR
2026-09-06T14:55:21,R14,94218,10.0,"Pinus nigra (Schwarzkiefer, Schwarzföhre)",PFLANZJAHR
2026-09-06T14:55:21,R14,37699,20.0,Fraxinus ornus (Blumenesche),PFLANZJAHR
2026-09-06T14:55:21,R14,37700,20.0,Fraxinus excelsior (Gemeine Esche),PFLANZJAHR
2026-09-06T14:55:21,R14,11550,16.0,Acer platanoides (Spitzahorn),PFLANZJAHR
2026-09-06T14:55:21,R14,11551,16.0,Acer platanoides (Spitzahorn),PFLANZJAHR
2026-09-06T14:55:21,R14,257049,22.0,Populus alba (Silberpappel),PFLANZJAHR
2026-09-06T14:55:21,R14,278522,14.0,Pinus nigra nigra (Österreichische Schwarzkiefer),PFLANZJAHR
2026-09-06T14:55:21,R14,94219,10.0,"Pinus nigra (Schwarzkiefer, Schwarzföhre)",PFLANZJAHR
2026-09-06T14:55:21,R14,37703,20.0,Fraxinus pennsylvanica (Rotesche),PFLANZJAHR
2026-09-06T14:55:21,R14,94220,10.0,"Pinus nigra (Schwarzkiefer, Schwarzföhre)",PFLANZJAHR
2026-09-06T14:55:21,R14,11560,16.0,Prunus serrulata 'Kanzan' (Japanische Blütenkirsche),PFLANZJAHR
2026-09-06T14:55:21,R14,257061,22.0,Corylus colurna (Baumhasel),PFLANZJAHR
2026-09-06T14:55:21,R14,265454,23.0,Fraxinus excelsior (Gemeine Esche),PFLANZJAHR
2026-09-06T14:55:21,R14,37704,20.0,Fraxinus excelsior (Gemeine Esche),PFLANZJAHR
2026-09-06T14:55:21,R14,11566,16.0,Prunus serrulata 'Kanzan' (Japanische Blütenkirsche),PFLANZJAHR
2026-09-06T14:55:21,R14,257062,22.0,Sorbus aria (Gewöhnliche Mehlbeere),PFLANZJAHR
2026-09-06T14:55:21,R14,257067,22.0,Prunus serrulata 'Kanzan' (Japanische Blütenkirsche),PFLANZJAHR
2026-09-06T14:55:21,R14,37705,20.0,Fraxinus ornus (Blumenesche),PFLANZJAHR
2026-09-06T14:55:21,R14,11982,1.0,Acer platanoides (Spitzahorn),PFLANZJAHR
2026-09-06T14:55:21,R14,126517,10.0,Populus nigra 'Italica' (Pyramidenpappel),PFLANZJAHR
2026-09-06T14:55:21,R14,70091,10.0,Populus nigra 'Italica' (Pyramidenpappel),PFLANZJAHR
2026-09-06T14:55:21,R14,11984,1.0,Acer pseudoplatanus (Bergahorn),PFLANZJAHR
2026-09-06T14:55:21,R14,28341,2.0,Acer platanoides (Spitzahorn),PFLANZJAHR
2026-09-06T14:55:21,R14,11991,1.0,Tilia platyphyllos (Sommerlinde),PFLANZJAHR
2026-09-06T14:55:21,R14,70095,10.0,Populus nigra 'Italica' (Pyramidenpappel),PFLANZJAHR
2026-09-06T14:55:21,R14,12055,1.0,Acer platanoides (Spitzahorn),PFLANZJAHR
2026-09-06T14:55:21,R14,280019,18.0,Prunus cerasifera (Kirschpflaume),PFLANZJAHR
2026-09-06T14:55:21,R14,126516,10.0,Populus nigra 'Italica' (Pyramidenpappel),PFLANZJAHR
2026-09-06T14:55:21,R14,28223,20.0,Acer platanoides (Spitzahorn),PFLANZJAHR
2026-09-06T14:55:21,R14,12056,1.0,Acer platanoides (Spitzahorn),PFLANZJAHR
2026-09-06T14:55:21,R14,12058,1.0,Acer platanoides (Spitzahorn),PFLANZJAHR
2026-09-06T14:55:21,R14,12061,1.0,Acer platanoides (Spitzahorn),PFLANZJAHR
2026-09-06T14:55:21,R14,70103,10.0,Populus nigra 'Italica' (Pyramidenpappel),PFLANZJAHR
2026-09-06T14:55:21,R14,260419,13.0,Quercus cerris (Zerreiche),PFLANZJAHR
2026-09-06T14:55:21,R14,272250,10.0,"Pinus nigra (Schwarzkiefer, Schwarzföhre)",PFLANZJAHR
2026-09-06T14:55:21,R14,70104,10.0,Populus nigra 'Italica' (Pyramidenpappel),PFLANZJAHR
2026-09-06T14:55:21,R14,272251,10.0,"Pinus nigra (Schwarzkiefer, Schwarzföhre)",PFLANZJAHR
2026-09-06T14:55:21,R14,12063,1.0,Acer pseudoplatanus (Bergahorn),PFLANZJAHR
2026-09-06T14:55:21,R14,96447,18.0,Acer platanoides 'Globosum' (Kugelspitzahorn),PFLANZJAHR
2026-09-06T14:55:21,R14,272254,10.0,Elaeagnus angustifolia (Ölweide),PFLANZJAHR
2026-09-06T14:55:21,R14,169519,18.0,Acer pseudoplatanus (Bergahorn),PFLANZJAHR
2026-09-06T14:55:21,R14,96456,18.0,Acer platanoides 'Globosum' (Kugelspitzahorn),PFLANZJAHR
2026-09-06T14:55:21,R14,207927,13.0,"Pinus nigra (Schwarzkiefer, Schwarzföhre)",PFLANZJAHR
2026-09-06T14:55:21,R14,95104,19.0,Acer pseudoplatanus (Bergahorn),PFLANZJAHR
2026-09-06T14:55:21,R14,95107,19.0,Acer pseudoplatanus (Bergahorn),PFLANZJAHR
2026-09-06T14:55:21,R14,54698,10.0,Platanus x acerifolia (Ahornblättrige Platane),PFLANZJAHR
2026-09-06T14:55:21,R14,275097,2.0,Pinus nigra nigra (Österreichische Schwarzkiefer),PFLANZJAHR
2026-09-06T14:55:21,R14,95110,19.0,Acer pseudoplatanus (Bergahorn),PFLANZJAHR
2026-09-06T14:55:21,R14,54206,18.0,Malus spec. (Apfelbaum),PFLANZJAHR
2026-09-06T14:55:21,R14,120702,18.0,Tilia platyphyllos (Sommerlinde),PFLANZJAHR
2026-09-06T14:55:21,R14,95111,19.0,Acer pseudoplatanus (Bergahorn),PFLANZJAHR
2026-09-06T14:55:21,R14,14437,16.0,Acer platanoides (Spitzahorn),PFLANZJAHR
2026-09-06T14:55:21,R14,275105,2.0,Pinus nigra nigra (Österreichische Schwarzkiefer),PFLANZJAHR
2026-09-06T14:55:21,R14,120705,18.0,Tilia cordata (Winterlinde),PFLANZJAHR
2026-09-06T14:55:21,R14,95114,19.0,Acer platanoides (Spitzahorn),PFLANZJAHR
2026-09-06T14:55:21,R14,95115,19.0,Acer pseudoplatanus (Bergahorn),PFLANZJAHR
2026-09-06T14:55:21,R14,54204,18.0,Larix decidua (Europäische Lärche),PFLANZJAHR
2026-09-06T14:55:21,R14,95116,19.0,Acer pseudoplatanus (Bergahorn),PFLANZJAHR
2026-09-06T14:55:21,R14,275076,2.0,Acer platanoides (Spitzahorn),PFLANZJAHR
2026-09-06T14:55:21,R14,375902,18.0,Juglans regia (Walnussbaum),PFLANZJAHR
2026-09-06T14:55:21,R14,275075,2.0,Pinus nigra nigra (Österreichische Schwarzkiefer),PFLANZJAHR
2026-09-06T14:55:21,R14,59256,10.0,Acer pseudoplatanus (Bergahorn),PFLANZJAHR
2026-09-06T14:55:21,R14,270590,10.0,Salix alba 'Tristis' (Trauerweide),PFLANZJAHR
2026-09-06T14:55:21,R14,409888,22.0,Crataegus laevigata (Weißdorn),PFLANZJAHR
2026-09-06T14:55:21,R14,96070,18.0,Acer platanoides 'Globosum' (Kugelspitzahorn),PFLANZJAHR
2026-09-06T14:55:21,R14,270591,10.0,Salix alba 'Tristis' (Trauerweide),PFLANZJAHR
2026-09-06T14:55:21,R14,59258,10.0,Liriodendron tulipifera (Tulpenbaum),PFLANZJAHR
2026-09-06T14:55:21,R14,95564,19.0,Acer pseudoplatanus (Bergahorn),PFLANZJAHR
2026-09-06T14:55:21,R14,54202,18.0,Larix decidua (Europäische Lärche),PFLANZJAHR
2026-09-06T14:55:21,R14,270687,10.0,Carpinus betulus (Hainbuche),PFLANZJAHR
2026-09-06T14:55:21,R14,159700,1.0,Aesculus hippocastanum (Rosskastanie),PFLANZJAHR
2026-09-06T14:55:21,R14,59262,10.0,Betula spec. (Birke),PFLANZJAHR
2026-09-06T14:55:21,R14,270594,10.0,Carpinus betulus (Hainbuche),PFLANZJAHR
2026-09-06T14:55:21,R14,95023,19.0,Acer pseudoplatanus (Bergahorn),PFLANZJAHR
2026-09-06T14:55:21,R14,221980,7.0,Tilia platyphyllos (Sommerlinde),PFLANZJAHR
2026-09-06T14:55:21,R14,95024,19.0,Acer platanoides 'Columnare' (Säulenahorn),PFLANZJAHR
2026-09-06T14:55:21,R14,221983,7.0,Tilia platyphyllos (Sommerlinde),PFLANZJAHR
2026-09-06T14:55:21,R14,221986,7.0,Tilia platyphyllos (Sommerlinde),PFLANZJAHR
2026-09-06T14:55:21,R14,54200,18.0,Larix decidua (Europäische Lärche),PFLANZJAHR
2026-09-06T14:55:21,R14,221994,7.0,Acer platanoides (Spitzahorn),PFLANZJAHR
2026-09-06T14:55:21,R14,95026,19.0,Acer pseudoplatanus 'Purpurascens' (Bergahorn 'Purpurascens'),PFLANZJAHR
2026-09-06T14:55:21,R14,28600,18.0,Tilia cordata (Winterlinde),PFLANZJAHR
2026-09-06T14:55:21,R14,28605,18.0,Tilia cordata (Winterlinde),PFLANZJAHR
2026-09-06T14:55:21,R14,95027,19.0,Acer pseudoplatanus (Bergahorn),PFLANZJAHR
2026-09-06T14:55:21,R14,54198,18.0,Aesculus hippocastanum (Rosskastanie),PFLANZJAHR
2026-09-06T14:55:21,R14,328246,2.0,Pinus nigra nigra (Österreichische Schwarzkiefer),PFLANZJAHR
2026-09-06T14:55:21,R14,328247,2.0,Pinus nigra nigra (Österreichische Schwarzkiefer),PFLANZJAHR
2026-09-06T14:55:21,R14,262316,3.0,Pinus nigra nigra (Österreichische Schwarzkiefer),PFLANZJAHR
2026-09-06T14:55:21,R14,140735,13.0,Sophora japonica (Schnurbaum),PFLANZJAHR
2026-09-06T14:55:21,R14,328248,2.0,Pinus nigra nigra (Österreichische Schwarzkiefer),PFLANZJAHR
2026-09-06T14:55:21,R14,54174,18.0,Acer platanoides (Spitzahorn),PFLANZJAHR
2026-09-06T14:55:21,R14,328250,2.0,Pinus nigra nigra (Österreichische Schwarzkiefer),PFLANZJAHR
2026-09-06T14:55:21,R14,328253,2.0,Pinus nigra nigra (Österreichische Schwarzkiefer),PFLANZJAHR
2026-09-06T14:55:21,R14,95076,19.0,Acer platanoides (Spitzahorn),PFLANZJAHR
2026-09-06T14:55:21,R14,328254,2.0,Pinus nigra nigra (Österreichische Schwarzkiefer),PFLANZJAHR
2026-09-06T14:55:21,R14,191473,11.0,Acer platanoides (Spitzahorn),PFLANZJAHR
2026-09-06T14:55:21,R14,48402,10.0,Prunus avium (Vogelkirsche),PFLANZJAHR
2026-09-06T14:55:21,R14,328255,2.0,Pinus nigra nigra (Österreichische Schwarzkiefer),PFLANZJAHR
2026-09-06T14:55:21,R14,54172,18.0,Fraxinus excelsior (Gemeine Esche),PFLANZJAHR
2026-09-06T14:55:21,R14,48403,10.0,Prunus avium (Vogelkirsche),PFLANZJAHR
2026-09-06T14:55:21,R14,328258,2.0,Pinus nigra nigra (Österreichische Schwarzkiefer),PFLANZJAHR
2026-09-06T14:55:21,R14,152544,18.0,Taxus baccata (Heimische Eibe),PFLANZJAHR
2026-09-06T14:55:21,R14,48405,10.0,Acer saccharinum (Silberahorn),PFLANZJAHR
2026-09-06T14:55:21,R14,328259,2.0,Pinus nigra nigra (Österreichische Schwarzkiefer),PFLANZJAHR
2026-09-06T14:55:21,R14,48407,10.0,Acer platanoides (Spitzahorn),PFLANZJAHR
2026-09-06T14:55:21,R14,95081,19.0,Acer platanoides (Spitzahorn),PFLANZJAHR
2026-09-06T14:55:21,R14,95082,19.0,Acer platanoides (Spitzahorn),PFLANZJAHR
2026-09-06T14:55:21,R14,328262,2.0,Pinus nigra nigra (Österreichische Schwarzkiefer),PFLANZJAHR
2026-09-06T14:55:21,R14,95083,19.0,Acer platanoides 'Columnare' (Säulenahorn),PFLANZJAHR
2026-09-06T14:55:21,R14,95085,19.0,Acer platanoides (Spitzahorn),PFLANZJAHR
2026-09-06T14:55:21,R14,238531,18.0,Taxus baccata (Heimische Eibe),PFLANZJAHR
2026-09-06T14:55:21,R14,270664,10.0,Platanus x acerifolia (Ahornblättrige Platane),PFLANZJAHR
2026-09-06T14:55:21,R14,271009,10.0,Prunus cerasifera 'Nigra' (Blutpflaume),PFLANZJAHR
2026-09-06T14:55:21,R14,328264,2.0,Pinus nigra nigra (Österreichische Schwarzkiefer),PFLANZJAHR
2026-09-06T14:55:21,R14,271001,10.0,Salix alba 'Tristis' (Trauerweide),PFLANZJAHR
2026-09-06T14:55:21,R14,328271,2.0,Pinus nigra nigra (Österreichische Schwarzkiefer),PFLANZJAHR
2026-09-06T14:55:21,R14,238533,18.0,Taxus baccata (Heimische Eibe),PFLANZJAHR
2026-09-06T14:55:21,R14,270670,10.0,Prunus avium (Vogelkirsche),PFLANZJAHR
2026-09-06T14:55:21,R14,48415,10.0,Koelreuteria paniculata (Blasenbaum),PFLANZJAHR
2026-09-06T14:55:21,R14,328273,2.0,Cupressocyparis leylandii (Riesenzypresse),PFLANZJAHR
2026-09-06T14:55:21,R14,140728,13.0,Sophora japonica (Schnurbaum),PFLANZJAHR
2026-09-06T14:55:21,R14,271006,10.0,Salix alba 'Tristis' (Trauerweide),PFLANZJAHR
2026-09-06T14:55:21,R14,328275,2.0,Carpinus betulus 'Fastigiata' (Säulenhainbuche),PFLANZJAHR
2026-09-06T14:55:21,R14,328276,2.0,Pinus nigra nigra (Österreichische Schwarzkiefer),PFLANZJAHR
2026-09-06T14:55:21,R14,48420,10.0,Populus nigra (Schwarzpappel),PFLANZJAHR
2026-09-06T14:55:21,R14,177915,21.0,Morus nigra (Schwarzer Maulbeerbaum),PFLANZJAHR
2026-09-06T14:55:21,R14,54166,18.0,Robinia pseudoacacia (Scheinakazie),PFLANZJAHR
2026-09-06T14:55:21,R14,48418,10.0,Prunus avium (Vogelkirsche),PFLANZJAHR
2026-09-06T14:55:21,R14,270678,10.0,Salix alba 'Tristis' (Trauerweide),PFLANZJAHR
2026-09-06T14:55:21,R14,328277,2.0,Pinus nigra nigra (Österreichische Schwarzkiefer),PFLANZJAHR
2026-09-06T14:55:21,R14,48421,10.0,Catalpa bignonioides (Trompetenbaum),PFLANZJAHR
2026-09-06T14:55:21,R14,140733,13.0,Acer platanoides (Spitzahorn),PFLANZJAHR
2026-09-06T14:55:21,R14,48422,10.0,Catalpa bignonioides (Trompetenbaum),PFLANZJAHR
2026-09-06T14:55:21,R14,328279,2.0,Pinus nigra nigra (Österreichische Schwarzkiefer),PFLANZJAHR
2026-09-06T14:55:21,R14,212466,21.0,Celtis australis (Südlicher Zürgelbaum),PFLANZJAHR
2026-09-06T14:55:21,R14,54164,18.0,Tilia platyphyllos (Sommerlinde),PFLANZJAHR
2026-09-06T14:55:21,R14,48424,10.0,Acer platanoides (Spitzahorn),PFLANZJAHR
2026-09-06T14:55:21,R14,28614,18.0,Tilia cordata (Winterlinde),PFLANZJAHR
2026-09-06T14:55:21,R14,95028,19.0,Acer platanoides (Spitzahorn),PFLANZJAHR
2026-09-06T14:55:21,R14,28620,18.0,Tilia cordata (Winterlinde),PFLANZJAHR
2026-09-06T14:55:21,R14,222013,7.0,Gleditsia triacanthos (Lederhülsenbaum),PFLANZJAHR
2026-09-06T14:55:21,R14,59270,10.0,Betula spec. (Birke),PFLANZJAHR
2026-09-06T14:55:21,R14,222028,7.0,Populus balsamifera (Balsam-Pappel),PFLANZJAHR
2026-09-06T14:55:21,R14,252030,10.0,Prunus cerasifera 'Nigra' (Blutpflaume),PFLANZJAHR
2026-09-06T14:55:21,R14,41472,20.0,Acer platanoides (Spitzahorn),PFLANZJAHR
2026-09-06T14:55:21,R14,28638,18.0,Tilia cordata (Winterlinde),PFLANZJAHR
2026-09-06T14:55:21,R14,222032,7.0,Tilia americana (Amerikanische Linde),PFLANZJAHR
2026-09-06T14:55:21,R14,95035,19.0,Acer pseudoplatanus (Bergahorn),PFLANZJAHR
2026-09-06T14:55:21,R14,222036,7.0,Tilia americana (Amerikanische Linde),PFLANZJAHR
2026-09-06T14:55:21,R14,28643,18.0,Tilia cordata (Winterlinde),PFLANZJAHR
2026-09-06T14:55:21,R14,29800,18.0,Aesculus x carnea (Rotblühende Kastanie),PFLANZJAHR
2026-09-06T14:55:21,R14,375959,2.0,Ailanthus altissima (Götterbaum),PFLANZJAHR
2026-09-06T14:55:21,R14,131836,18.0,Aesculus hippocastanum (Rosskastanie),PFLANZJAHR
2026-09-06T14:55:21,R14,59284,10.0,Quercus spec. (Eiche),PFLANZJAHR
2026-09-06T14:55:21,R14,28550,18.0,Tilia cordata (Winterlinde),PFLANZJAHR
2026-09-06T14:55:21,R14,28555,18.0,Tilia cordata (Winterlinde),PFLANZJAHR
2026-09-06T14:55:21,R14,270707,10.0,Fraxinus excelsior (Gemeine Esche),PFLANZJAHR
2026-09-06T14:55:21,R14,95041,19.0,Acer pseudoplatanus (Bergahorn),PFLANZJAHR
2026-09-06T14:55:21,R14,194254,1.0,Sophora japonica (Schnurbaum),PFLANZJAHR
2026-09-06T14:55:21,R14,194204,1.0,Platanus x acerifolia (Ahornblättrige Platane),PFLANZJAHR
2026-09-06T14:55:21,R14,28565,18.0,Tilia cordata (Winterlinde),PFLANZJAHR
2026-09-06T14:55:21,R14,28568,18.0,Tilia cordata (Winterlinde),PFLANZJAHR
2026-09-06T14:55:21,R14,194007,1.0,Fraxinus excelsior (Gemeine Esche),PFLANZJAHR
2026-09-06T14:55:21,R14,194010,1.0,Sophora japonica (Schnurbaum),PFLANZJAHR
2026-09-06T14:55:21,R14,270628,10.0,Salix alba (Silberweide),PFLANZJAHR
2026-09-06T14:55:21,R14,194011,1.0,Sophora japonica (Schnurbaum),PFLANZJAHR
2026-09-06T14:55:21,R14,152910,18.0,Taxus baccata (Heimische Eibe),PFLANZJAHR
2026-09-06T14:55:21,R14,194018,1.0,Sequoiadendron giganteum (Mammutbaum),PFLANZJAHR
2026-09-06T14:55:21,R14,28581,18.0,Tilia cordata (Winterlinde),PFLANZJAHR
2026-09-06T14:55:21,R14,95045,19.0,Acer pseudoplatanus (Bergahorn),PFLANZJAHR
2026-09-06T14:55:21,R14,270629,10.0,Salix alba (Silberweide),PFLANZJAHR
2026-09-06T14:55:21,R14,194029,1.0,Acer platanoides (Spitzahorn),PFLANZJAHR
2026-09-06T14:55:21,R14,252050,10.0,Populus x canescens (Graupappel),PFLANZJAHR
2026-09-06T14:55:21,R14,59292,10.0,Acer platanoides (Spitzahorn),PFLANZJAHR
2026-09-06T14:55:21,R14,28584,18.0,Tilia cordata (Winterlinde),PFLANZJAHR
2026-09-06T14:55:21,R14,252057,10.0,Populus x canescens (Graupappel),PFLANZJAHR
2026-09-06T14:55:21,R14,214542,18.0,Taxus baccata (Heimische Eibe),PFLANZJAHR
2026-09-06T14:55:21,R14,120495,13.0,Tilia cordata (Winterlinde),PFLANZJAHR
2026-09-06T14:55:21,R14,28587,18.0,Tilia cordata (Winterlinde),PFLANZJAHR
2026-09-06T14:55:21,R14,131844,18.0,Tilia cordata (Winterlinde),PFLANZJAHR
2026-09-06T14:55:21,R14,357628,13.0,Fraxinus excelsior (Gemeine Esche),PFLANZJAHR
2026-09-06T14:55:21,R14,54186,18.0,Acer platanoides (Spitzahorn),PFLANZJAHR
2026-09-06T14:55:21,R14,357629,13.0,Acer platanoides (Spitzahorn),PFLANZJAHR
2026-09-06T14:55:21,R14,357636,13.0,Acer platanoides (Spitzahorn),PFLANZJAHR
2026-09-06T14:55:21,R14,357622,13.0,Acer pseudoplatanus (Bergahorn),PFLANZJAHR
2026-09-06T14:55:21,R14,95049,19.0,Acer pseudoplatanus (Bergahorn),PFLANZJAHR
2026-09-06T14:55:21,R14,46731,2.0,Carpinus betulus 'Fastigiata' (Säulenhainbuche),PFLANZJAHR
2026-09-06T14:55:21,R14,169544,22.0,Fraxinus excelsior (Gemeine Esche),PFLANZJAHR
2026-09-06T14:55:21,R14,357623,13.0,Acer pseudoplatanus (Bergahorn),PFLANZJAHR
2026-09-06T14:55:21,R14,131350,12.0,Acer pseudoplatanus 'Atropurpureum' (Purpurner Bergahorn),PFLANZJAHR
2026-09-06T14:55:21,R14,95217,19.0,Acer platanoides (Spitzahorn),PFLANZJAHR
2026-09-06T14:55:21,R14,357624,13.0,Prunus cerasifera (Kirschpflaume),PFLANZJAHR
2026-09-06T14:55:21,R14,270631,10.0,Salix alba (Silberweide),PFLANZJAHR
2026-09-06T14:55:21,R14,147869,18.0,Juglans regia (Walnussbaum),PFLANZJAHR
2026-09-06T14:55:21,R14,390186,12.0,Acer platanoides (Spitzahorn),PFLANZJAHR
2026-09-06T14:55:21,R14,147873,18.0,Fraxinus excelsior (Gemeine Esche),PFLANZJAHR
2026-09-06T14:55:21,R14,357625,13.0,Acer monspessulanum (Französischer Ahorn),PFLANZJAHR
2026-09-06T14:55:21,R14,215044,15.0,Catalpa bignonioides (Trompetenbaum),PFLANZJAHR
2026-09-06T14:55:21,R14,147880,18.0,Fraxinus excelsior (Gemeine Esche),PFLANZJAHR
2026-09-06T14:55:21,R14,152847,18.0,Taxus baccata (Heimische Eibe),PFLANZJAHR
2026-09-06T14:55:21,R14,147885,18.0,Carpinus betulus (Hainbuche),PFLANZJAHR
2026-09-06T14:55:21,R14,236433,18.0,Taxus baccata (Heimische Eibe),PFLANZJAHR
2026-09-06T14:55:21,R14,300093,2.0,Tilia cordata (Winterlinde),PFLANZJAHR
2026-09-06T14:55:21,R14,152824,18.0,Taxus baccata (Heimische Eibe),PFLANZJAHR
2026-09-06T14:55:21,R14,54182,18.0,Acer platanoides (Spitzahorn),PFLANZJAHR
2026-09-06T14:55:21,R14,360124,2.0,Carpinus betulus (Hainbuche),PFLANZJAHR
2026-09-06T14:55:21,R14,48394,10.0,Koelreuteria paniculata (Blasenbaum),PFLANZJAHR
2026-09-06T14:55:21,R14,300087,2.0,Fraxinus excelsior (Gemeine Esche),PFLANZJAHR
2026-09-06T14:55:21,R14,95218,19.0,Acer platanoides (Spitzahorn),PFLANZJAHR
2026-09-06T14:55:21,R14,300079,2.0,Acer pseudoplatanus (Bergahorn),PFLANZJAHR
2026-09-06T14:55:21,R14,300076,2.0,Fraxinus excelsior (Gemeine Esche),PFLANZJAHR
2026-09-06T14:55:21,R14,300070,2.0,Taxus baccata (Heimische Eibe),PFLANZJAHR
2026-09-06T14:55:21,R14,15881,21.0,Tilia platyphyllos (Sommerlinde),PFLANZJAHR
2026-09-06T14:55:21,R14,54180,18.0,Acer platanoides (Spitzahorn),PFLANZJAHR
2026-09-06T14:55:21,R14,41234,2.0,Acer pseudoplatanus (Bergahorn),PFLANZJAHR
2026-09-06T14:55:21,R14,155455,12.0,Acer pseudoplatanus (Bergahorn),PFLANZJAHR
2026-09-06T14:55:21,R14,95221,19.0,Acer pseudoplatanus (Bergahorn),PFLANZJAHR
2026-09-06T14:55:21,R14,330773,13.0,Sambucus nigra (Schwarzer Holunder),PFLANZJAHR
2026-09-06T14:55:21,R14,282174,2.0,Populus nigra 'Italica' (Pyramidenpappel),PFLANZJAHR
2026-09-06T14:55:21,R14,54178,18.0,Aesculus hippocastanum (Rosskastanie),PFLANZJAHR
2026-09-06T14:55:21,R14,166532,21.0,Aesculus hippocastanum (Rosskastanie),PFLANZJAHR
2026-09-06T14:55:21,R14,282176,2.0,Pinus nigra nigra (Österreichische Schwarzkiefer),PFLANZJAHR
2026-09-06T14:55:21,R02,407649,8.0,Cladrastis lutea (Gelbholz),STAMMUMFANG
2026-09-06T14:55:21,R02,399727,5.0,Zelkova serrata 'Musashino' (Musashino-Zelkove),STAMMUMFANG
2026-09-06T14:55:21,R02,409858,2.0,Tilia tomentosa 'Brabant' (Silberlinde),STAMMUMFANG
2026-09-06T14:55:21,R02,409857,2.0,Tilia cordata (Winterlinde),STAMMUMFANG
2026-09-06T14:55:21,R02,409897,2.0,Malus 'Golden Hornet' (Zierapfel),STAMMUMFANG
2026-09-06T14:55:21,R02,398411,18.0,Quercus spec. (Eiche),STAMMUMFANG
2026-09-06T14:55:21,R02,407241,2.0,Aesculus hippocastanum (Rosskastanie),STAMMUMFANG
2026-09-06T14:55:21,R02,406225,2.0,Koelreuteria paniculata (Blasenbaum),STAMMUMFANG
2026-09-06T14:55:21,R02,406227,2.0,Aesculus x carnea (Rotblühende Kastanie),STAMMUMFANG
2026-09-06T14:55:21,R02,406243,2.0,Ulmus 'Columella' (Holländische Ulme),STAMMUMFANG
2026-09-06T14:55:21,R02,406239,2.0,Fraxinus ornus 'Obelisk' (Säulenblumenesche),STAMMUMFANG
2026-09-06T14:55:21,R02,403898,2.0,Fraxinus ornus 'Obelisk' (Säulenblumenesche),STAMMUMFANG
2026-09-06T14:55:21,R02,406247,2.0,Fraxinus ornus 'Obelisk' (Säulenblumenesche),STAMMUMFANG
2026-09-06T14:55:21,R02,394679,20.0,Platanus x acerifolia 'Tremonia' (Schmalkronige Platane),STAMMUMFANG
2026-09-06T14:55:21,R02,376122,23.0,Prunus cerasifera 'Nigra' (Blutpflaume),STAMMUMFANG
2026-09-06T14:55:21,R02,337026,23.0,Alnus spaethii (Purpur-Erle),STAMMUMFANG
2026-09-06T14:55:21,R02,337027,23.0,Quercus cerris (Zerreiche),STAMMUMFANG
2026-09-06T14:55:21,R02,337018,23.0,Quercus frainetto (Ungarische Eiche),STAMMUMFANG
2026-09-06T14:55:21,R02,337024,23.0,Ulmus 'New Horizon' (Resista Ulme),STAMMUMFANG
2026-09-06T14:55:21,R02,400148,18.0,Fraxinus ornus 'Obelisk' (Säulenblumenesche),STAMMUMFANG
2026-09-06T14:55:21,R02,391341,7.0,Prunus cerasifera 'Nigra' (Blutpflaume),STAMMUMFANG
2026-09-06T14:55:21,R02,388779,17.0,Acer campestre 'Elsrijk' (Feldahorn),STAMMUMFANG
2026-09-06T14:55:21,R02,388777,17.0,Acer campestre 'Elsrijk' (Feldahorn),STAMMUMFANG
2026-09-06T14:55:21,R02,388778,17.0,Acer campestre 'Elsrijk' (Feldahorn),STAMMUMFANG
2026-09-06T14:55:21,R02,408238,22.0,Gleditsia triacanthos 'Skyline' (Säulengleditschie),STAMMUMFANG
2026-09-06T14:55:21,R02,408240,22.0,Ulmus 'New Horizon' (Resista Ulme),STAMMUMFANG
2026-09-06T14:55:21,R02,383425,2.0,Koelreuteria paniculata 'Fastigiata' (Säulenblasenbaum),STAMMUMFANG
2026-09-06T14:55:21,R02,391493,20.0,Acer campestre 'Elsrijk' (Feldahorn),STAMMUMFANG
2026-09-06T14:55:21,R02,392343,20.0,Tilia tomentosa 'Brabant' (Silberlinde),STAMMUMFANG
2026-09-06T14:55:21,R02,400184,22.0,Ulmus 'New Horizon' (Resista Ulme),STAMMUMFANG
2026-09-06T14:55:21,R02,397060,18.0,Acer spec. (Ahorn),STAMMUMFANG
2026-09-06T14:55:21,R02,395818,18.0,Alnus incana (Grauerle),STAMMUMFANG
2026-09-06T14:55:21,R02,406129,14.0,Amelanchier ovalis (Gewöhnliche Felsenbirne),STAMMUMFANG
2026-09-06T14:55:21,R02,389622,3.0,Hibiscus syriacus 'Blue Bird' (Garteneibisch),STAMMUMFANG
2026-09-06T14:55:21,R02,391327,2.0,Corylus colurna (Baumhasel),STAMMUMFANG
2026-09-06T14:55:21,R02,398835,18.0,Pyrus calleryana 'Chanticleer' (Zierbirne),STAMMUMFANG
2026-09-06T14:55:21,R02,408812,18.0,Ulmus 'New Horizon' (Resista Ulme),STAMMUMFANG
2026-09-06T14:55:21,R02,408810,18.0,Ulmus 'New Horizon' (Resista Ulme),STAMMUMFANG
2026-09-06T14:55:21,R02,408807,18.0,Ulmus 'New Horizon' (Resista Ulme),STAMMUMFANG
2026-09-06T14:55:21,R02,408813,18.0,Ulmus 'New Horizon' (Resista Ulme),STAMMUMFANG
2026-09-06T14:55:21,R02,408811,18.0,Ulmus 'New Horizon' (Resista Ulme),STAMMUMFANG
2026-09-06T14:55:21,R02,399493,18.0,Sophora japonica 'Regent' (Pagodenschnurbaum),STAMMUMFANG
2026-09-06T14:55:21,R02,394580,2.0,Aesculus hippocastanum (Rosskastanie),STAMMUMFANG
2026-09-06T14:55:21,R02,394581,2.0,Aesculus hippocastanum (Rosskastanie),STAMMUMFANG
2026-09-06T14:55:21,R02,388317,17.0,Acer campestre 'Elsrijk' (Feldahorn),STAMMUMFANG
2026-09-06T14:55:21,R02,390436,2.0,Platanus x acerifolia 'Tremonia' (Schmalkronige Platane),STAMMUMFANG
2026-09-06T14:55:21,R02,383999,2.0,Celtis australis (Südlicher Zürgelbaum),STAMMUMFANG
2026-09-06T14:55:21,R02,407332,17.0,Syringa vulgaris (Gewöhnlicher Flieder),STAMMUMFANG
2026-09-06T14:55:21,R02,378174,20.0,Acer campestre (Feldahorn),STAMMUMFANG
2026-09-06T14:55:21,R02,402291,2.0,Fraxinus pennsylvanica 'Cimmaron' (Rotesche),STAMMUMFANG
2026-09-06T14:55:21,R02,407440,22.0,Platanus x acerifolia 'Tremonia' (Schmalkronige Platane),STAMMUMFANG
2026-09-06T14:55:21,R02,407441,22.0,Platanus x acerifolia 'Tremonia' (Schmalkronige Platane),STAMMUMFANG
2026-09-06T14:55:21,R02,407443,22.0,Platanus x acerifolia 'Tremonia' (Schmalkronige Platane),STAMMUMFANG
2026-09-06T14:55:21,R02,407445,22.0,Platanus x acerifolia 'Tremonia' (Schmalkronige Platane),STAMMUMFANG
2026-09-06T14:55:21,R02,407448,22.0,Platanus x acerifolia 'Tremonia' (Schmalkronige Platane),STAMMUMFANG
2026-09-06T14:55:21,R02,407449,22.0,Platanus x acerifolia 'Tremonia' (Schmalkronige Platane),STAMMUMFANG
2026-09-06T14:55:21,R02,407450,22.0,Platanus x acerifolia 'Tremonia' (Schmalkronige Platane),STAMMUMFANG
2026-09-06T14:55:21,R02,399883,22.0,Pyrus calleryana 'Chanticleer' (Zierbirne),STAMMUMFANG
2026-09-06T14:55:21,R02,403078,22.0,Acer campestre 'Elsrijk' (Feldahorn),STAMMUMFANG
2026-09-06T14:55:21,R02,408867,22.0,Betula pendula (Weißbirke),STAMMUMFANG
2026-09-06T14:55:21,R02,407446,22.0,Platanus x acerifolia 'Tremonia' (Schmalkronige Platane),STAMMUMFANG
2026-09-06T14:55:21,R02,407447,22.0,Platanus x acerifolia 'Tremonia' (Schmalkronige Platane),STAMMUMFANG
2026-09-06T14:55:21,R02,219314,17.0,Alnus glutinosa (Schwarzerle),STAMMUMFANG
2026-09-06T14:55:21,R02,410950,16.0,Syringa vulgaris 'Alba' (Weißer Flieder),STAMMUMFANG
2026-09-06T14:55:21,R02,410949,16.0,Syringa vulgaris 'Alba' (Weißer Flieder),STAMMUMFANG
2026-09-06T14:55:21,R02,410415,16.0,Pyrus calleryana 'Aristocrat' (Zierbirne),STAMMUMFANG
2026-09-06T14:55:21,R02,409955,22.0,Platanus x acerifolia (Ahornblättrige Platane),STAMMUMFANG
2026-09-06T14:55:21,R02,407444,22.0,Platanus x acerifolia 'Tremonia' (Schmalkronige Platane),STAMMUMFANG
2026-09-06T14:55:21,R02,407451,22.0,Platanus x acerifolia 'Tremonia' (Schmalkronige Platane),STAMMUMFANG
2026-09-06T14:55:21,R02,396359,2.0,Tilia tomentosa 'Brabant' (Silberlinde),STAMMUMFANG
2026-09-06T14:55:21,R02,391789,21.0,Magnolia stellata 'Rosea' (Rosa Sternmagnolie),STAMMUMFANG
2026-09-06T14:55:21,R02,391787,21.0,Cotinus coggyria 'Golden Spirit' (Gelber Perückenstrauch),STAMMUMFANG
2026-09-06T14:55:21,R02,410703,22.0,Gleditsia triacanthos 'Skyline' (Säulengleditschie),STAMMUMFANG
2026-09-06T14:55:21,R02,380443,2.0,Elaeagnus angustifolia (Ölweide),STAMMUMFANG
2026-09-06T14:55:21,R02,410709,22.0,Sophora japonica 'Regent' (Pagodenschnurbaum),STAMMUMFANG
2026-09-06T14:55:21,R02,398776,2.0,Corylus colurna (Baumhasel),STAMMUMFANG
2026-09-06T14:55:21,R02,410922,11.0,Carpinus betulus 'Fastigiata' (Säulenhainbuche),STAMMUMFANG
2026-09-06T14:55:21,R02,410832,22.0,Sophora japonica 'Regent' (Pagodenschnurbaum),STAMMUMFANG
2026-09-06T14:55:21,R02,410708,22.0,Celtis australis (Südlicher Zürgelbaum),STAMMUMFANG
2026-09-06T14:55:21,R02,410706,22.0,Gleditsia triacanthos 'Skyline' (Säulengleditschie),STAMMUMFANG
2026-09-06T14:55:21,R02,410705,22.0,Ulmus 'New Horizon' (Resista Ulme),STAMMUMFANG
2026-09-06T14:55:21,R02,410833,22.0,Celtis australis (Südlicher Zürgelbaum),STAMMUMFANG
2026-09-06T14:55:21,R02,399290,13.0,nicht bekannt,STAMMUMFANG
2026-09-06T14:55:21,R02,399291,13.0,nicht bekannt,STAMMUMFANG
2026-09-06T14:55:21,R02,399292,13.0,nicht bekannt,STAMMUMFANG
2026-09-06T14:55:21,R02,399293,13.0,nicht bekannt,STAMMUMFANG
2026-09-06T14:55:21,R02,399295,13.0,nicht bekannt,STAMMUMFANG
2026-09-06T14:55:21,R02,410704,22.0,Sophora japonica 'Regent' (Pagodenschnurbaum),STAMMUMFANG
2026-09-06T14:55:21,R02,407542,11.0,Populus nigra 'Italica' (Pyramidenpappel),STAMMUMFANG
2026-09-06T14:55:21,R02,386847,14.0,Tilia tomentosa 'Brabant' (Silberlinde),STAMMUMFANG
2026-09-06T14:55:21,R02,407442,22.0,Platanus x acerifolia 'Tremonia' (Schmalkronige Platane),STAMMUMFANG
2026-09-06T14:55:21,R02,380351,2.0,Fraxinus excelsior 'Altena' (Gemeine Esche),STAMMUMFANG
2026-09-06T14:55:21,R02,353855,2.0,Prunus cerasifera 'Nigra' (Blutpflaume),STAMMUMFANG
2026-09-06T14:55:21,R02,403514,16.0,Pyrus calleryana 'Chanticleer' (Zierbirne),STAMMUMFANG
2026-09-06T14:55:21,R02,396374,2.0,Fagus sylvatica 'Purpurea Tricolor' (Harlequin-Rotbuche),STAMMUMFANG
2026-09-06T14:55:21,R02,391640,21.0,Gymnocladus dioicus (Geweihbaum),STAMMUMFANG
2026-09-06T14:55:21,R02,407528,2.0,Ulmus 'Regal' (Resista-Ulme),STAMMUMFANG
2026-09-06T14:55:21,R02,396344,2.0,Aesculus hippocastanum (Rosskastanie),STAMMUMFANG
2026-09-06T14:55:21,R02,339140,10.0,nicht bekannt,STAMMUMFANG
2026-09-06T14:55:21,R02,402425,22.0,Acer campestre 'Elsrijk' (Feldahorn),STAMMUMFANG
2026-09-06T14:55:21,R02,383869,14.0,Laubbaum,STAMMUMFANG
2026-09-06T14:55:21,R02,407298,17.0,Pyrus calleryana 'Aristocrat' (Zierbirne),STAMMUMFANG
2026-09-06T14:55:21,R02,407475,14.0,Celtis australis (Südlicher Zürgelbaum),STAMMUMFANG
2026-09-06T14:55:21,R02,276232,19.0,Taxus baccata (Heimische Eibe),STAMMUMFANG
2026-09-06T14:55:21,R02,407457,2.0,Alnus glutinosa (Schwarzerle),STAMMUMFANG
2026-09-06T14:55:21,R02,352424,21.0,Celtis australis (Südlicher Zürgelbaum),STAMMUMFANG
2026-09-06T14:55:21,R02,399736,18.0,Acer campestre 'Elsrijk' (Feldahorn),STAMMUMFANG
2026-09-06T14:55:21,R02,401021,19.0,Fraxinus ornus 'Obelisk' (Säulenblumenesche),STAMMUMFANG
2026-09-06T14:55:21,R02,394427,2.0,Aesculus hippocastanum (Rosskastanie),STAMMUMFANG
2026-09-06T14:55:21,R02,400515,19.0,Acer campestre 'Elsrijk' (Feldahorn),STAMMUMFANG
2026-09-06T14:55:21,R02,406925,19.0,Tilia tomentosa 'Brabant' (Silberlinde),STAMMUMFANG
2026-09-06T14:55:21,R02,387489,4.0,Tilia cordata (Winterlinde),STAMMUMFANG
2026-09-06T14:55:21,R02,387488,4.0,Fagus sylvatica 'Dawyk Purple' (Rotblättrige Säulenblutbuche),STAMMUMFANG
2026-09-06T14:55:21,R02,399726,5.0,Celtis australis (Südlicher Zürgelbaum),STAMMUMFANG
2026-09-06T14:55:21,R02,406863,16.0,Syringa vulgaris (Gewöhnlicher Flieder),STAMMUMFANG
2026-09-06T14:55:21,R02,409007,21.0,Liriodendron tulipifera (Tulpenbaum),STAMMUMFANG
2026-09-06T14:55:21,R02,399349,5.0,Quercus x bimundorum 'Crimson Spire' (Säuleneiche),STAMMUMFANG
2026-09-06T14:55:21,R02,376512,19.0,Acer campestre 'Elsrijk' (Feldahorn),STAMMUMFANG
2026-09-06T14:55:21,R02,399734,18.0,Celtis australis (Südlicher Zürgelbaum),STAMMUMFANG
2026-09-06T14:55:21,R02,406625,19.0,Gleditsia triacanthos 'Skyline' (Säulengleditschie),STAMMUMFANG
2026-09-06T14:55:21,R02,399807,19.0,Fraxinus ornus 'Obelisk' (Säulenblumenesche),STAMMUMFANG
2026-09-06T14:55:21,R02,398952,19.0,Prunus serrulata 'Kanzan' (Japanische Blütenkirsche),STAMMUMFANG
2026-09-06T14:55:21,R02,405040,23.0,Carpinus betulus (Hainbuche),STAMMUMFANG
2026-09-06T14:55:21,R02,403366,19.0,Ulmus 'Columella' (Holländische Ulme),STAMMUMFANG
2026-09-06T14:55:21,R02,391135,14.0,Acer x freemanii (Rot-Ahorn),STAMMUMFANG
2026-09-06T14:55:21,R02,376513,19.0,Ulmus 'New Horizon' (Resista Ulme),STAMMUMFANG
2026-09-06T14:55:21,R02,408963,10.0,Acer campestre 'Elsrijk' (Feldahorn),STAMMUMFANG
2026-09-06T14:55:21,R02,406705,19.0,Tilia tomentosa 'Brabant' (Silberlinde),STAMMUMFANG
2026-09-06T14:55:21,R02,332510,2.0,Malus x purpurea (Zierapfel),STAMMUMFANG
2026-09-06T14:55:21,R02,252444,14.0,Tilia cordata (Winterlinde),STAMMUMFANG
2026-09-06T14:55:21,R02,405240,12.0,Acer pseudoplatanus (Bergahorn),STAMMUMFANG
2026-09-06T14:55:21,R02,405242,12.0,Acer pseudoplatanus (Bergahorn),STAMMUMFANG
2026-09-06T14:55:21,R02,405219,12.0,Prunus spec. (Kirsche),STAMMUMFANG
2026-09-06T14:55:21,R02,397249,2.0,Acer negundo 'Flamingo' (Weißbunter Eschenahorn),STAMMUMFANG
2026-09-06T14:55:21,R02,406234,2.0,Acer platanoides 'Emerald Queen' (Kegelförmiger Spitzahorn),STAMMUMFANG
2026-09-06T14:55:21,R02,406237,2.0,Acer platanoides 'Emerald Queen' (Kegelförmiger Spitzahorn),STAMMUMFANG
2026-09-06T14:55:21,R02,393457,2.0,Acer platanoides 'Deborah' (Hellroter Spitzahorn),STAMMUMFANG
2026-09-06T14:55:21,R02,382914,2.0,Salix matsudana 'Tortuosa' (Korkenzieherweide),STAMMUMFANG
2026-09-06T14:55:21,R02,406245,2.0,Acer platanoides 'Emerald Queen' (Kegelförmiger Spitzahorn),STAMMUMFANG
2026-09-06T14:55:21,R02,390046,2.0,Acer platanoides 'Deborah' (Hellroter Spitzahorn),STAMMUMFANG
2026-09-06T14:55:21,R02,395989,2.0,Acer platanoides 'Emerald Queen' (Kegelförmiger Spitzahorn),STAMMUMFANG
2026-09-06T14:55:21,R02,405217,12.0,Acer spec. (Ahorn),STAMMUMFANG
2026-09-06T14:55:21,R02,405218,12.0,Prunus spec. (Kirsche),STAMMUMFANG
2026-09-06T14:55:21,R02,405220,12.0,Ailanthus altissima (Götterbaum),STAMMUMFANG
2026-09-06T14:55:21,R02,363770,1.0,Populus x canadensis (Kanadische Pappel),STAMMUMFANG
2026-09-06T14:55:21,R02,405221,12.0,Ailanthus altissima (Götterbaum),STAMMUMFANG
2026-09-06T14:55:21,R02,405222,12.0,Prunus spec. (Kirsche),STAMMUMFANG
2026-09-06T14:55:21,R02,405223,12.0,Acer campestre (Feldahorn),STAMMUMFANG
2026-09-06T14:55:21,R02,405224,12.0,Prunus spec. (Kirsche),STAMMUMFANG
2026-09-06T14:55:21,R02,405225,12.0,Ailanthus altissima (Götterbaum),STAMMUMFANG
2026-09-06T14:55:21,R02,405233,12.0,Sambucus nigra (Schwarzer Holunder),STAMMUMFANG
2026-09-06T14:55:21,R02,405234,12.0,Sambucus nigra (Schwarzer Holunder),STAMMUMFANG
2026-09-06T14:55:21,R02,405235,12.0,Prunus spec. (Kirsche),STAMMUMFANG
2026-09-06T14:55:21,R02,405236,12.0,Juglans regia (Walnussbaum),STAMMUMFANG
2026-09-06T14:55:21,R02,405237,12.0,Prunus spec. (Kirsche),STAMMUMFANG
2026-09-06T14:55:21,R02,405238,12.0,Prunus spec. (Kirsche),STAMMUMFANG
2026-09-06T14:55:21,R02,405239,12.0,Acer pseudoplatanus (Bergahorn),STAMMUMFANG
2026-09-06T14:55:21,R02,405241,12.0,Acer platanoides (Spitzahorn),STAMMUMFANG
2026-09-06T14:55:21,R02,405243,12.0,Prunus spec. (Kirsche),STAMMUMFANG
2026-09-06T14:55:21,R02,392647,2.0,Eucommina ulmoides (Guttaperchabaum),STAMMUMFANG
2026-09-06T14:55:21,R02,391334,2.0,Eucommina ulmoides (Guttaperchabaum),STAMMUMFANG
2026-09-06T14:55:21,R02,391331,2.0,Fraxinus americana 'Skyline' (Weiß-Esche),STAMMUMFANG
2026-09-06T14:55:21,R02,391333,2.0,Fraxinus americana 'Skyline' (Weiß-Esche),STAMMUMFANG
2026-09-06T14:55:21,R02,352984,1.0,Salix alba 'Tristis' (Trauerweide),STAMMUMFANG
2026-09-06T14:55:21,R02,336443,1.0,Populus simonii 'Fastigiata' (Säulenpappel),STAMMUMFANG
2026-09-06T14:55:21,R02,383768,22.0,Populus spec. (Pappel),STAMMUMFANG
2026-09-06T14:55:21,R02,396377,2.0,Eucommina ulmoides (Guttaperchabaum),STAMMUMFANG
2026-09-06T14:55:21,R02,392645,2.0,Eucommina ulmoides (Guttaperchabaum),STAMMUMFANG
2026-09-06T14:55:21,R02,357835,2.0,Fraxinus pennsylvanica 'Cimmaron' (Rotesche),STAMMUMFANG
2026-09-06T14:55:21,R02,401224,2.0,Acer campestre (Feldahorn),STAMMUMFANG
2026-09-06T14:55:21,R02,384500,22.0,Pinus sylvestris (Gemeine Kiefer),STAMMUMFANG
2026-09-06T14:55:21,R02,347210,13.0,Laburnum anagyroides (Gemeiner Goldregen),STAMMUMFANG
2026-09-06T14:55:21,R02,407466,15.0,nicht bekannt,STAMMUMFANG
2026-09-06T14:55:21,R02,412234,6.0,nicht bekannt,STAMMUMFANG
2026-09-06T14:55:21,R02,412235,6.0,nicht bekannt,STAMMUMFANG
2026-09-06T14:55:21,R02,412233,6.0,nicht bekannt,STAMMUMFANG
2026-09-06T14:55:21,R02,380870,20.0,Acer platanoides 'Crimson King' (Blutahorn),STAMMUMFANG
2026-09-06T14:55:21,R02,255891,22.0,Populus nigra (Schwarzpappel),STAMMUMFANG
2026-09-06T14:55:21,R02,335153,22.0,Morus alba (Weißer Maulbeerbaum),STAMMUMFANG
2026-09-06T14:55:21,R02,260509,22.0,Populus alba (Silberpappel),STAMMUMFANG
2026-09-06T14:55:21,R02,308910,22.0,Salix alba (Silberweide),STAMMUMFANG
2026-09-06T14:55:21,R02,396929,15.0,Pyrus calleryana 'Chanticleer' (Zierbirne),STAMMUMFANG
2026-09-06T14:55:21,R02,397549,20.0,Populus nigra 'Italica' (Pyramidenpappel),STAMMUMFANG
2026-09-06T14:55:21,R02,312006,22.0,Acer campestre (Feldahorn),STAMMUMFANG
2026-09-06T14:55:21,R02,312020,22.0,Quercus rubra (Roteiche),STAMMUMFANG
2026-09-06T14:55:21,R02,376510,19.0,Acer campestre (Feldahorn),STAMMUMFANG
2026-09-06T14:55:21,R02,410245,3.0,Tilia cordata 'Greenspire' (Stadtlinde),STAMMUMFANG
2026-09-06T14:55:21,R02,313431,22.0,Quercus robur (Stieleiche),STAMMUMFANG
2026-09-06T14:55:21,R02,313459,22.0,Quercus robur (Stieleiche),STAMMUMFANG
2026-09-06T14:55:21,R02,313476,22.0,Quercus robur (Stieleiche),STAMMUMFANG
2026-09-06T14:55:21,R02,322177,22.0,Quercus robur (Stieleiche),STAMMUMFANG
2026-09-06T14:55:21,R02,322180,22.0,Quercus robur (Stieleiche),STAMMUMFANG
2026-09-06T14:55:21,R02,322182,22.0,Quercus robur (Stieleiche),STAMMUMFANG
2026-09-06T14:55:21,R02,324150,22.0,Quercus robur (Stieleiche),STAMMUMFANG
2026-09-06T14:55:21,R02,389654,22.0,Fraxinus pennsylvanica 'Cimmaron' (Rotesche),STAMMUMFANG
2026-09-06T14:55:21,R02,402334,18.0,Acer campestre 'Elsrijk' (Feldahorn),STAMMUMFANG
2026-09-06T14:55:21,R02,391635,21.0,Cedrus deodara (Himalajazeder),STAMMUMFANG
2026-09-06T14:55:21,R02,391796,21.0,Platanus orientalis 'Minaret' (Orientalische Säulenplatane),STAMMUMFANG
2026-09-06T14:55:21,R02,332768,18.0,Cornus mas (Dirndlstrauch),STAMMUMFANG
2026-09-06T14:55:21,R02,362974,21.0,Acer platanoides 'Columnare' (Säulenahorn),STAMMUMFANG
2026-09-06T14:55:21,R02,406936,20.0,Sophora japonica 'Regent' (Pagodenschnurbaum),STAMMUMFANG
2026-09-06T14:55:21,R02,406551,21.0,Nyssa sylvatica (Wald-Tupelobaum),STAMMUMFANG
2026-09-06T14:55:21,R02,388468,20.0,Alnus incana (Grauerle),STAMMUMFANG
2026-09-06T14:55:21,R02,410707,22.0,Gleditsia triacanthos 'Skyline' (Säulengleditschie),STAMMUMFANG
2026-09-06T14:55:21,R02,410834,22.0,Celtis australis (Südlicher Zürgelbaum),STAMMUMFANG
2026-09-06T14:55:21,R02,410835,22.0,Gleditsia triacanthos 'Skyline' (Säulengleditschie),STAMMUMFANG
2026-09-06T14:55:21,R02,397059,18.0,Fraxinus spec. (Esche),STAMMUMFANG
2026-09-06T14:55:21,R02,397105,18.0,Acer spec. (Ahorn),STAMMUMFANG
2026-09-06T14:55:21,R02,406308,1.0,Hibiscus syriacus 'Lavender Chiffon' (Garteneibisch),STAMMUMFANG
2026-09-06T14:55:21,R02,379713,20.0,Platanus x acerifolia 'Tremonia' (Schmalkronige Platane),STAMMUMFANG
2026-09-06T14:55:21,R02,397531,20.0,Platanus x acerifolia 'Tremonia' (Schmalkronige Platane),STAMMUMFANG
2026-09-06T14:55:21,R02,396535,14.0,Tilia tomentosa 'Brabant' (Silberlinde),STAMMUMFANG
2026-09-06T14:55:21,R02,412255,17.0,Fraxinus excelsior (Gemeine Esche),STAMMUMFANG
2026-09-06T14:55:21,R02,394985,2.0,Fraxinus angustifolia 'Raywood' (Schmalblättrige Esche),STAMMUMFANG
2026-09-06T14:55:21,R02,394984,2.0,Fraxinus pennsylvanica (Rotesche),STAMMUMFANG
2026-09-06T14:55:21,R02,402292,2.0,Fraxinus pennsylvanica 'Cimmaron' (Rotesche),STAMMUMFANG
2026-09-06T14:55:21,R02,402293,2.0,Fraxinus pennsylvanica 'Cimmaron' (Rotesche),STAMMUMFANG
2026-09-06T14:55:21,R02,383003,14.0,Celtis australis (Südlicher Zürgelbaum),STAMMUMFANG
2026-09-06T14:55:21,R02,386261,14.0,Pinus nigra nigra (Österreichische Schwarzkiefer),STAMMUMFANG
2026-09-06T14:55:21,R02,383958,15.0,Chitalpa x tashkentensis (Baumoleander),STAMMUMFANG
2026-09-06T14:55:21,R02,402305,2.0,Fraxinus pennsylvanica 'Cimmaron' (Rotesche),STAMMUMFANG
2026-09-06T14:55:21,R02,402296,2.0,Fraxinus pennsylvanica 'Cimmaron' (Rotesche),STAMMUMFANG
2026-09-06T14:55:21,R02,402302,2.0,Fraxinus pennsylvanica 'Cimmaron' (Rotesche),STAMMUMFANG
2026-09-06T14:55:21,R02,384712,17.0,Carpinus betulus 'Frans Fontaine' (Schlanke Säulenhainbuche),STAMMUMFANG
2026-09-06T14:55:21,R02,407641,13.0,Calocedrus decurrens (Kalifornische Flusszeder),STAMMUMFANG
2026-09-06T14:55:21,R02,391498,2.0,Eucommina ulmoides (Guttaperchabaum),STAMMUMFANG
2026-09-06T14:55:21,R02,391297,2.0,Populus balsamifera (Balsam-Pappel),STAMMUMFANG
2026-09-06T14:55:21,R02,411130,22.0,Fraxinus pennsylvanica 'Cimmaron' (Rotesche),STAMMUMFANG
2026-09-06T14:55:21,R02,411129,22.0,Fraxinus pennsylvanica 'Cimmaron' (Rotesche),STAMMUMFANG
2026-09-06T14:55:21,R02,399350,1.0,Cercis siliquastrum (Judasbaum),STAMMUMFANG
2026-09-06T14:55:21,R02,411127,22.0,Fraxinus pennsylvanica 'Cimmaron' (Rotesche),STAMMUMFANG
2026-09-06T14:55:21,R02,411128,22.0,Fraxinus pennsylvanica 'Cimmaron' (Rotesche),STAMMUMFANG
2026-09-06T14:55:21,R02,411131,22.0,Fraxinus pennsylvanica 'Cimmaron' (Rotesche),STAMMUMFANG
2026-09-06T14:55:21,R02,411133,22.0,Fraxinus pennsylvanica 'Cimmaron' (Rotesche),STAMMUMFANG
2026-09-06T14:55:21,R02,411134,22.0,Fraxinus pennsylvanica 'Cimmaron' (Rotesche),STAMMUMFANG
2026-09-06T14:55:21,R02,411118,22.0,Cercis siliquastrum (Judasbaum),STAMMUMFANG
2026-09-06T14:55:21,R02,403149,21.0,Quercus robur (Stieleiche),STAMMUMFANG
2026-09-06T14:55:21,R02,403150,21.0,Carpinus betulus (Hainbuche),STAMMUMFANG
2026-09-06T14:55:21,R02,409969,22.0,Koelreuteria paniculata 'Fastigiata' (Säulenblasenbaum),STAMMUMFANG
2026-09-06T14:55:21,R02,409970,22.0,Koelreuteria paniculata 'Fastigiata' (Säulenblasenbaum),STAMMUMFANG
2026-09-06T14:55:21,R02,411125,22.0,Fraxinus pennsylvanica 'Cimmaron' (Rotesche),STAMMUMFANG
2026-09-06T14:55:21,R02,411124,22.0,Cercis siliquastrum (Judasbaum),STAMMUMFANG
2026-09-06T14:55:21,R02,409266,21.0,Acer campestre 'Huibers Elegant' (Feldahorn),STAMMUMFANG
2026-09-06T14:55:21,R02,409265,21.0,Acer campestre 'Huibers Elegant' (Feldahorn),STAMMUMFANG
2026-09-06T14:55:21,R02,409264,21.0,Acer campestre 'Huibers Elegant' (Feldahorn),STAMMUMFANG
2026-09-06T14:55:21,R02,409263,21.0,Acer campestre 'Huibers Elegant' (Feldahorn),STAMMUMFANG
2026-09-06T14:55:21,R02,409262,21.0,Acer campestre 'Huibers Elegant' (Feldahorn),STAMMUMFANG
2026-09-06T14:55:21,R02,409261,21.0,Acer campestre 'Huibers Elegant' (Feldahorn),STAMMUMFANG
2026-09-06T14:55:21,R02,391378,20.0,Populus x canescens (Graupappel),STAMMUMFANG
2026-09-06T14:55:21,R02,390653,20.0,Acer campestre 'Nanum' (Kugelfeldahorn),STAMMUMFANG
2026-09-06T14:55:21,R02,409260,21.0,Acer campestre 'Huibers Elegant' (Feldahorn),STAMMUMFANG
2026-09-06T14:55:21,R02,409272,21.0,Tilia cordata (Winterlinde),STAMMUMFANG
2026-09-06T14:55:21,R02,394436,20.0,Acer campestre 'Green Column' (Säulen-Feldahorn),STAMMUMFANG
2026-09-06T14:55:21,R02,394437,20.0,Acer pseudoplatanus 'Erectum' (Schmalkroniger Bergahorn),STAMMUMFANG
2026-09-06T14:55:21,R02,397133,9.0,Celtis australis (Südlicher Zürgelbaum),STAMMUMFANG
2026-09-06T14:55:21,R02,409270,21.0,Tilia cordata (Winterlinde),STAMMUMFANG
2026-09-06T14:55:21,R02,409269,21.0,Liriodendron tulipifera (Tulpenbaum),STAMMUMFANG
2026-09-06T14:55:21,R02,409268,21.0,Liriodendron tulipifera (Tulpenbaum),STAMMUMFANG
2026-09-06T14:55:21,R02,409267,21.0,Fagus sylvatica (Rotbuche),STAMMUMFANG
2026-09-06T14:55:21,R02,409139,21.0,Prunus cerasifera (Kirschpflaume),STAMMUMFANG
2026-09-06T14:55:21,R02,409138,21.0,Fraxinus excelsior 'Diversifolia' (Einblättrige Esche),STAMMUMFANG
2026-09-06T14:55:21,R02,411117,22.0,Fraxinus pennsylvanica 'Cimmaron' (Rotesche),STAMMUMFANG
2026-09-06T14:55:21,R02,409134,21.0,Sorbus aucuparia 'Sheerwater Seedling' (Säuleneberesche),STAMMUMFANG
2026-09-06T14:55:21,R02,409135,21.0,Prunus cerasifera (Kirschpflaume),STAMMUMFANG
2026-09-06T14:55:21,R02,409136,21.0,Fraxinus excelsior 'Diversifolia' (Einblättrige Esche),STAMMUMFANG
2026-09-06T14:55:21,R02,409137,21.0,Acer campestre 'Elsrijk' (Feldahorn),STAMMUMFANG
2026-09-06T14:55:21,R02,409271,21.0,Tilia cordata (Winterlinde),STAMMUMFANG
2026-09-06T14:55:21,R02,411116,22.0,Fraxinus pennsylvanica 'Cimmaron' (Rotesche),STAMMUMFANG
2026-09-06T14:55:21,R02,411114,22.0,Fraxinus pennsylvanica 'Cimmaron' (Rotesche),STAMMUMFANG
2026-09-06T14:55:21,R02,411113,22.0,Fraxinus pennsylvanica 'Cimmaron' (Rotesche),STAMMUMFANG
2026-09-06T14:55:21,R02,411115,22.0,Fraxinus pennsylvanica 'Cimmaron' (Rotesche),STAMMUMFANG
2026-09-06T14:55:21,R02,411119,22.0,Fraxinus pennsylvanica 'Cimmaron' (Rotesche),STAMMUMFANG
2026-09-06T14:55:21,R02,411120,22.0,Fraxinus pennsylvanica 'Cimmaron' (Rotesche),STAMMUMFANG
2026-09-06T14:55:21,R02,411121,22.0,Fraxinus pennsylvanica 'Cimmaron' (Rotesche),STAMMUMFANG
2026-09-06T14:55:21,R02,411122,22.0,Fraxinus pennsylvanica 'Cimmaron' (Rotesche),STAMMUMFANG
2026-09-06T14:55:21,R02,411123,22.0,Fraxinus pennsylvanica 'Cimmaron' (Rotesche),STAMMUMFANG
2026-09-06T14:55:21,R02,411126,22.0,Fraxinus pennsylvanica 'Cimmaron' (Rotesche),STAMMUMFANG
2026-09-06T14:55:21,R02,397176,9.0,Koelreuteria paniculata (Blasenbaum),STAMMUMFANG
2026-09-06T14:55:21,R02,411132,22.0,Fraxinus pennsylvanica 'Cimmaron' (Rotesche),STAMMUMFANG
2026-09-06T14:55:21,R02,406545,21.0,Morus alba (Weißer Maulbeerbaum),STAMMUMFANG
2026-09-06T14:55:21,R02,406546,21.0,Paulownia tomentosa (Blauglockenbaum),STAMMUMFANG
2026-09-06T14:55:21,R02,406549,21.0,Gleditsia triacanthos 'Elegantissima' (Säulenlederhülsenbaum),STAMMUMFANG
2026-09-06T14:55:21,R02,406550,21.0,Gleditsia triacanthos 'Elegantissima' (Säulenlederhülsenbaum),STAMMUMFANG
2026-09-06T14:55:21,R02,406553,21.0,Nyssa sylvatica (Wald-Tupelobaum),STAMMUMFANG
2026-09-06T14:55:21,R02,390873,22.0,nicht bekannt,STAMMUMFANG
2026-09-06T14:55:21,R02,384607,18.0,Hibiscus syriacus 'Blue Bird' (Garteneibisch),STAMMUMFANG
2026-09-06T14:55:21,R02,411942,22.0,Cornus sanguinea (Blutroter Hartriegel),STAMMUMFANG
2026-09-06T14:55:21,R02,392368,14.0,Acer campestre 'Elsrijk' (Feldahorn),STAMMUMFANG
2026-09-06T14:55:21,R02,409008,21.0,Gleditsia triacanthos (Lederhülsenbaum),STAMMUMFANG
2026-09-06T14:55:21,R02,373856,5.0,Celtis australis (Südlicher Zürgelbaum),STAMMUMFANG
2026-09-06T14:55:21,R02,386262,14.0,Pinus nigra nigra (Österreichische Schwarzkiefer),STAMMUMFANG
2026-09-06T14:55:21,R02,382012,14.0,Pyrus communis 'Beech Hill' (Wildbirne),STAMMUMFANG
2026-09-06T14:55:21,R02,373598,1.0,Fraxinus excelsior 'Diversifolia' (Einblättrige Esche),STAMMUMFANG
2026-09-06T14:55:21,R02,352967,20.0,Acer campestre 'Elsrijk' (Feldahorn),STAMMUMFANG
2026-09-06T14:55:21,R02,312822,20.0,Tilia cordata (Winterlinde),STAMMUMFANG
2026-09-06T14:55:21,R02,315826,20.0,Salix spec. (Weide),STAMMUMFANG
2026-09-06T14:55:21,R02,315827,20.0,Salix spec. (Weide),STAMMUMFANG
2026-09-06T14:55:21,R02,315829,20.0,Salix spec. (Weide),STAMMUMFANG
2026-09-06T14:55:21,R02,391152,17.0,Fraxinus angustifolia 'Raywood' (Schmalblättrige Esche),STAMMUMFANG
2026-09-06T14:55:21,R02,219313,17.0,Alnus glutinosa (Schwarzerle),STAMMUMFANG
2026-09-06T14:55:21,R02,237731,17.0,Alnus glutinosa (Schwarzerle),STAMMUMFANG
2026-09-06T14:55:21,R02,287835,17.0,Alnus cordata (Italienische Erle),STAMMUMFANG
2026-09-06T14:55:21,R02,397518,20.0,Fraxinus ornus 'Obelisk' (Säulenblumenesche),STAMMUMFANG
2026-09-06T14:55:21,R02,397514,20.0,Fraxinus ornus 'Obelisk' (Säulenblumenesche),STAMMUMFANG
2026-09-06T14:55:21,R02,397503,20.0,Fraxinus ornus 'Obelisk' (Säulenblumenesche),STAMMUMFANG
2026-09-06T14:55:21,R02,397521,20.0,Fraxinus ornus 'Obelisk' (Säulenblumenesche),STAMMUMFANG
2026-09-06T14:55:21,R02,397532,20.0,Celtis australis (Südlicher Zürgelbaum),STAMMUMFANG
2026-09-06T14:55:21,R02,332221,1.0,Tilia cordata 'Greenspire' (Stadtlinde),STAMMUMFANG
2026-09-06T14:55:21,R02,391622,21.0,Sophora japonica 'Regent' (Pagodenschnurbaum),STAMMUMFANG
2026-09-06T14:55:21,R02,397535,20.0,Celtis australis (Südlicher Zürgelbaum),STAMMUMFANG
2026-09-06T14:55:21,R02,352997,1.0,Fraxinus excelsior 'Diversifolia' (Einblättrige Esche),STAMMUMFANG
2026-09-06T14:55:21,R02,409396,22.0,Ostrya carpinifolia (Hopfenbuche),STAMMUMFANG
2026-09-06T14:55:21,R02,409394,22.0,Parrotia persica (Eisenholzbaum),STAMMUMFANG
2026-09-06T14:55:21,R02,409393,22.0,Liriodendron tulipifera (Tulpenbaum),STAMMUMFANG
2026-09-06T14:55:21,R02,409392,22.0,Platanus x acerifolia (Ahornblättrige Platane),STAMMUMFANG
2026-09-06T14:55:21,R02,394082,16.0,Pyrus calleryana 'Chanticleer' (Zierbirne),STAMMUMFANG
2026-09-06T14:55:21,R02,408437,9.0,Platanus x acerifolia (Ahornblättrige Platane),STAMMUMFANG
2026-09-06T14:55:21,R02,390654,9.0,Prunus serrulata 'Amanogawa' (Säulenkirsche),STAMMUMFANG
2026-09-06T14:55:21,R02,397167,9.0,Fraxinus angustifolia 'Raywood' (Schmalblättrige Esche),STAMMUMFANG
2026-09-06T14:55:21,R02,391699,21.0,Cotinus coggygria (Perückenstrauch),STAMMUMFANG
2026-09-06T14:55:21,R02,388775,17.0,Acer campestre 'Elsrijk' (Feldahorn),STAMMUMFANG
2026-09-06T14:55:21,R02,241331,19.0,Populus nigra 'Italica' (Pyramidenpappel),STAMMUMFANG
2026-09-06T14:55:21,R02,391671,21.0,Platanus x acerifolia (Ahornblättrige Platane),STAMMUMFANG
2026-09-06T14:55:21,R02,391649,21.0,Acer saccharum (Zucker-Ahorn),STAMMUMFANG
2026-09-06T14:55:21,R02,383591,19.0,"Pinus nigra (Schwarzkiefer, Schwarzföhre)",STAMMUMFANG
2026-09-06T14:55:21,R02,391788,21.0,Cornus kousa (Japanischer Blumen-Hartriegel),STAMMUMFANG
2026-09-06T14:55:21,R02,404413,15.0,Sophora japonica 'Regent' (Pagodenschnurbaum),STAMMUMFANG
2026-09-06T14:55:21,R02,380442,2.0,Elaeagnus angustifolia (Ölweide),STAMMUMFANG
2026-09-06T14:55:21,R02,374189,2.0,Populus tremula 'Erecta' (Säulenzitterpappel),STAMMUMFANG
2026-09-06T14:55:21,R02,379416,2.0,"Pinus nigra (Schwarzkiefer, Schwarzföhre)",STAMMUMFANG
2026-09-06T14:55:21,R02,384873,2.0,Cercis canadensis (Kanadischer Judasbaum),STAMMUMFANG
2026-09-06T14:55:21,R02,255902,22.0,Salix alba (Silberweide),STAMMUMFANG
2026-09-06T14:55:21,R02,318991,21.0,Sorbus domestica (Speierling),STAMMUMFANG
2026-09-06T14:55:21,R02,260205,22.0,Populus nigra (Schwarzpappel),STAMMUMFANG
2026-09-06T14:55:21,R02,260206,22.0,Populus nigra (Schwarzpappel),STAMMUMFANG
2026-09-06T14:55:21,R02,386255,15.0,Amelanchier spec. (Felsenbirne),STAMMUMFANG
2026-09-06T14:55:21,R02,255904,22.0,Populus nigra (Schwarzpappel),STAMMUMFANG
2026-09-06T14:55:21,R02,260204,22.0,Populus nigra (Schwarzpappel),STAMMUMFANG
2026-09-06T14:55:21,R02,411450,22.0,Tilia cordata 'Greenspire' (Stadtlinde),STAMMUMFANG
2026-09-06T14:55:21,R02,313430,22.0,Quercus robur (Stieleiche),STAMMUMFANG
2026-09-06T14:55:21,R02,311985,22.0,Acer campestre (Feldahorn),STAMMUMFANG
2026-09-06T14:55:21,R02,387560,4.0,Prunus padus (Traubenkirsche),STAMMUMFANG
2026-09-06T14:55:21,R02,311974,22.0,Quercus rubra (Roteiche),STAMMUMFANG
2026-09-06T14:55:21,R02,392534,17.0,Acer campestre 'Elsrijk' (Feldahorn),STAMMUMFANG
2026-09-06T14:55:21,R02,398409,18.0,Quercus spec. (Eiche),STAMMUMFANG
2026-09-06T14:55:21,R02,315489,22.0,Populus nigra (Schwarzpappel),STAMMUMFANG
2026-09-06T14:55:21,R02,315491,22.0,Populus nigra (Schwarzpappel),STAMMUMFANG
2026-09-06T14:55:21,R02,315554,22.0,Populus nigra (Schwarzpappel),STAMMUMFANG
2026-09-06T14:55:21,R02,322176,22.0,Quercus robur (Stieleiche),STAMMUMFANG
2026-09-06T14:55:21,R02,311961,22.0,Acer campestre (Feldahorn),STAMMUMFANG
2026-09-06T14:55:21,R02,313470,22.0,Quercus robur (Stieleiche),STAMMUMFANG
2026-09-06T14:55:21,R02,398410,18.0,Quercus spec. (Eiche),STAMMUMFANG
2026-09-06T14:55:21,R02,324272,22.0,Quercus robur (Stieleiche),STAMMUMFANG
2026-09-06T14:55:21,R02,314957,22.0,Quercus robur (Stieleiche),STAMMUMFANG
2026-09-06T14:55:21,R02,314958,22.0,Quercus robur (Stieleiche),STAMMUMFANG
2026-09-06T14:55:21,R02,312098,22.0,Quercus rubra (Roteiche),STAMMUMFANG
2026-09-06T14:55:21,R02,315828,20.0,Populus nigra (Schwarzpappel),STAMMUMFANG
2026-09-06T14:55:21,R02,340957,22.0,Quercus robur (Stieleiche),STAMMUMFANG
2026-09-06T14:55:21,R02,322178,22.0,Quercus robur (Stieleiche),STAMMUMFANG
2026-09-06T14:55:21,R02,322179,22.0,Quercus robur (Stieleiche),STAMMUMFANG
2026-09-06T14:55:21,R02,315490,22.0,Populus nigra (Schwarzpappel),STAMMUMFANG
2026-09-06T14:55:21,R02,322181,22.0,Quercus robur (Stieleiche),STAMMUMFANG
2026-09-06T14:55:21,R02,402317,2.0,Fraxinus pennsylvanica 'Cimmaron' (Rotesche),STAMMUMFANG
2026-09-06T14:55:21,R02,402295,2.0,Fraxinus pennsylvanica 'Cimmaron' (Rotesche),STAMMUMFANG
2026-09-06T14:55:21,R02,402303,2.0,Fraxinus pennsylvanica 'Cimmaron' (Rotesche),STAMMUMFANG
2026-09-06T14:55:21,R02,402304,2.0,Fraxinus pennsylvanica 'Cimmaron' (Rotesche),STAMMUMFANG
2026-09-06T14:55:21,R02,402306,2.0,Fraxinus pennsylvanica 'Cimmaron' (Rotesche),STAMMUMFANG
2026-09-06T14:55:21,R02,378536,2.0,Betula pendula (Weißbirke),STAMMUMFANG
2026-09-06T14:55:21,R02,368200,2.0,Elaeagnus angustifolia (Ölweide),STAMMUMFANG
2026-09-06T14:55:21,R02,379417,2.0,"Pinus nigra (Schwarzkiefer, Schwarzföhre)",STAMMUMFANG
2026-09-06T14:55:21,R02,399287,13.0,nicht bekannt,STAMMUMFANG
2026-09-06T14:55:21,R02,399289,13.0,nicht bekannt,STAMMUMFANG
2026-09-06T14:55:21,R02,399294,13.0,nicht bekannt,STAMMUMFANG
2026-09-06T14:55:21,R02,398994,18.0,Celtis australis (Südlicher Zürgelbaum),STAMMUMFANG
2026-09-06T14:55:21,R02,406140,22.0,Betula pendula (Weißbirke),STAMMUMFANG
2026-09-06T14:55:21,R02,406141,22.0,Acer pseudoplatanus (Bergahorn),STAMMUMFANG
2026-09-06T14:55:21,R02,407824,2.0,Acer platanoides (Spitzahorn),STAMMUMFANG
2026-09-06T14:55:21,R02,373833,22.0,Prunus padus 'Schloss Tiefurt' (Traubenkirsche),STAMMUMFANG
2026-09-06T14:55:21,R02,287824,22.0,Populus nigra 'Italica' (Pyramidenpappel),STAMMUMFANG
2026-09-06T14:55:21,R02,409481,3.0,Sophora japonica 'Regent' (Pagodenschnurbaum),STAMMUMFANG
2026-09-06T14:55:21,R02,411673,2.0,Robinia pseudoacacia (Scheinakazie),STAMMUMFANG
2026-09-06T14:55:21,R02,409429,19.0,nicht bekannt,STAMMUMFANG
2026-09-06T14:55:21,R02,255900,22.0,Populus nigra (Schwarzpappel),STAMMUMFANG
2026-09-06T14:55:21,R02,406244,2.0,Tilia cordata 'Greenspire' (Stadtlinde),STAMMUMFANG
2026-09-06T14:55:21,R02,397250,2.0,Ostrya carpinifolia (Hopfenbuche),STAMMUMFANG
2026-09-06T14:55:21,R02,399374,2.0,Aesculus x carnea (Rotblühende Kastanie),STAMMUMFANG
2026-09-06T14:55:21,R02,406238,2.0,Fraxinus americana 'Autumn Purple' (Weiß-Esche 'Autumn Purple'),STAMMUMFANG
2026-09-06T14:55:21,R02,406235,2.0,Gymnocladus dioicus (Geweihbaum),STAMMUMFANG
2026-09-06T14:55:21,R02,390047,2.0,Catalpa bignonioides (Trompetenbaum),STAMMUMFANG
2026-09-06T14:55:21,R02,255895,22.0,Populus nigra (Schwarzpappel),STAMMUMFANG
2026-09-06T14:55:21,R02,335152,22.0,Populus nigra (Schwarzpappel),STAMMUMFANG
2026-09-06T14:55:21,R02,260510,22.0,Populus alba (Silberpappel),STAMMUMFANG
2026-09-06T14:55:21,R02,385375,22.0,Ulmus 'New Horizon' (Resista Ulme),STAMMUMFANG
2026-09-06T14:55:21,R02,364712,1.0,Fraxinus angustifolia 'Raywood' (Schmalblättrige Esche),STAMMUMFANG
2026-09-06T14:55:21,R02,349337,1.0,Fraxinus angustifolia 'Raywood' (Schmalblättrige Esche),STAMMUMFANG
2026-09-06T14:55:21,R02,322847,23.0,Morus alba (Weißer Maulbeerbaum),STAMMUMFANG
2026-09-06T14:55:21,R02,406937,20.0,Sophora japonica 'Regent' (Pagodenschnurbaum),STAMMUMFANG
2026-09-06T14:55:21,R02,406934,20.0,Sophora japonica 'Regent' (Pagodenschnurbaum),STAMMUMFANG
2026-09-06T14:55:21,R02,406935,20.0,Sophora japonica 'Regent' (Pagodenschnurbaum),STAMMUMFANG
2026-09-06T14:55:21,R02,413811,11.0,Fraxinus excelsior (Gemeine Esche),STAMMUMFANG
2026-09-06T14:55:21,R02,387106,9.0,Hibiscus syriacus (Eibisch),STAMMUMFANG
2026-09-06T14:55:21,R02,393131,21.0,nicht bekannt,STAMMUMFANG
2026-09-06T14:55:21,R02,393434,1.0,Ulmus 'New Horizon' (Resista Ulme),STAMMUMFANG
2026-09-06T14:55:21,R02,385298,10.0,Populus tremula (Zitterpappel),STAMMUMFANG
2026-09-06T14:55:21,R02,389665,22.0,Fraxinus pennsylvanica 'Cimmaron' (Rotesche),STAMMUMFANG
2026-09-06T14:55:21,R02,368577,14.0,Fraxinus excelsior (Gemeine Esche),STAMMUMFANG
2026-09-06T14:55:21,R02,388776,17.0,Acer campestre 'Elsrijk' (Feldahorn),STAMMUMFANG
2026-09-06T14:55:21,R02,406118,3.0,Hibiscus syriacus 'Blue Bird' (Garteneibisch),STAMMUMFANG
2026-09-06T14:55:21,R02,393440,1.0,Ulmus 'New Horizon' (Resista Ulme),STAMMUMFANG
2026-09-06T14:55:21,R02,393438,1.0,Ulmus 'New Horizon' (Resista Ulme),STAMMUMFANG
2026-09-06T14:55:21,R02,393436,1.0,Ulmus 'New Horizon' (Resista Ulme),STAMMUMFANG
2026-09-06T14:55:21,R02,393435,1.0,Ulmus 'New Horizon' (Resista Ulme),STAMMUMFANG
2026-09-06T14:55:21,R02,409743,5.0,nicht bekannt,STAMMUMFANG
2026-09-06T14:55:21,R02,404939,20.0,Fraxinus ornus 'Obelisk' (Säulenblumenesche),STAMMUMFANG
2026-09-06T14:55:21,R02,360762,2.0,Hibiscus syriacus 'Hamabo' (Garteneibisch),STAMMUMFANG
2026-09-06T14:55:21,R02,333825,22.0,Populus x canescens (Graupappel),STAMMUMFANG
2026-09-06T14:55:21,R02,333828,22.0,Populus x canadensis (Kanadische Pappel),STAMMUMFANG
2026-09-06T14:55:21,R02,360758,2.0,Hibiscus syriacus 'Hamabo' (Garteneibisch),STAMMUMFANG
2026-09-06T14:55:21,R02,360759,2.0,Hibiscus syriacus 'Hamabo' (Garteneibisch),STAMMUMFANG
2026-09-06T14:55:21,R02,360760,2.0,Hibiscus syriacus 'Hamabo' (Garteneibisch),STAMMUMFANG
2026-09-06T14:55:21,R02,360761,2.0,Hibiscus syriacus 'Hamabo' (Garteneibisch),STAMMUMFANG
2026-09-06T14:55:21,R02,402320,2.0,Fraxinus pennsylvanica 'Cimmaron' (Rotesche),STAMMUMFANG
2026-09-06T14:55:21,R02,402321,2.0,Fraxinus pennsylvanica 'Cimmaron' (Rotesche),STAMMUMFANG
2026-09-06T14:55:21,R02,402327,2.0,Fraxinus pennsylvanica 'Cimmaron' (Rotesche),STAMMUMFANG
2026-09-06T14:55:21,R02,402328,2.0,Fraxinus pennsylvanica 'Cimmaron' (Rotesche),STAMMUMFANG
2026-09-06T14:55:21,R02,403480,22.0,Tilia spec. (Linde),STAMMUMFANG
2026-09-06T14:55:21,R02,402297,2.0,Fraxinus pennsylvanica 'Cimmaron' (Rotesche),STAMMUMFANG
2026-09-06T14:55:21,R02,402298,2.0,Fraxinus pennsylvanica 'Cimmaron' (Rotesche),STAMMUMFANG
2026-09-06T14:55:21,R02,402299,2.0,Fraxinus pennsylvanica 'Cimmaron' (Rotesche),STAMMUMFANG
2026-09-06T14:55:21,R02,402300,2.0,Fraxinus pennsylvanica 'Cimmaron' (Rotesche),STAMMUMFANG
2026-09-06T14:55:21,R02,402301,2.0,Fraxinus pennsylvanica 'Cimmaron' (Rotesche),STAMMUMFANG
2026-09-06T14:55:21,R02,402322,2.0,Fraxinus pennsylvanica 'Cimmaron' (Rotesche),STAMMUMFANG
2026-09-06T14:55:21,R02,402323,2.0,Fraxinus pennsylvanica 'Cimmaron' (Rotesche),STAMMUMFANG
2026-09-06T14:55:21,R02,402308,2.0,Fraxinus pennsylvanica 'Cimmaron' (Rotesche),STAMMUMFANG
2026-09-06T14:55:21,R02,402309,2.0,Fraxinus pennsylvanica 'Cimmaron' (Rotesche),STAMMUMFANG
2026-09-06T14:55:21,R02,402310,2.0,Fraxinus pennsylvanica 'Cimmaron' (Rotesche),STAMMUMFANG
2026-09-06T14:55:21,R02,402311,2.0,Fraxinus pennsylvanica 'Cimmaron' (Rotesche),STAMMUMFANG
2026-09-06T14:55:21,R02,402312,2.0,Fraxinus pennsylvanica 'Cimmaron' (Rotesche),STAMMUMFANG
2026-09-06T14:55:21,R02,402313,2.0,Fraxinus pennsylvanica 'Cimmaron' (Rotesche),STAMMUMFANG
2026-09-06T14:55:21,R02,402314,2.0,Fraxinus pennsylvanica 'Cimmaron' (Rotesche),STAMMUMFANG
2026-09-06T14:55:21,R02,402315,2.0,Fraxinus pennsylvanica 'Cimmaron' (Rotesche),STAMMUMFANG
2026-09-06T14:55:21,R02,402316,2.0,Fraxinus pennsylvanica 'Cimmaron' (Rotesche),STAMMUMFANG
2026-09-06T14:55:21,R02,394596,20.0,Tilia tomentosa 'Brabant' (Silberlinde),STAMMUMFANG
2026-09-06T14:55:21,R02,402324,2.0,Fraxinus pennsylvanica 'Cimmaron' (Rotesche),STAMMUMFANG
2026-09-06T14:55:21,R02,402318,2.0,Fraxinus pennsylvanica 'Cimmaron' (Rotesche),STAMMUMFANG
2026-09-06T14:55:21,R02,402319,2.0,Fraxinus pennsylvanica 'Cimmaron' (Rotesche),STAMMUMFANG
2026-09-06T14:55:21,R02,402325,2.0,Fraxinus pennsylvanica 'Cimmaron' (Rotesche),STAMMUMFANG
2026-09-06T14:55:21,R02,402326,2.0,Fraxinus pennsylvanica 'Cimmaron' (Rotesche),STAMMUMFANG
2026-09-06T14:55:21,R02,391690,21.0,Cedrus atlantica (Atlaszeder),STAMMUMFANG
2026-09-06T14:55:21,R02,391626,21.0,Paulownia tomentosa (Blauglockenbaum),STAMMUMFANG
2026-09-06T14:55:21,R02,400251,10.0,Acer campestre (Feldahorn),STAMMUMFANG
2026-09-06T14:55:21,R02,397550,20.0,Acer pseudoplatanus 'Purpurascens' (Bergahorn 'Purpurascens'),STAMMUMFANG
2026-09-06T14:55:21,R02,409758,20.0,Salix alba (Silberweide),STAMMUMFANG
2026-09-06T14:55:21,R02,397536,20.0,Gleditsia triacanthos 'Skyline' (Säulengleditschie),STAMMUMFANG
2026-09-06T14:55:21,R02,397537,20.0,Gleditsia triacanthos 'Skyline' (Säulengleditschie),STAMMUMFANG
2026-09-06T14:55:21,R02,406547,21.0,Morus nigra (Schwarzer Maulbeerbaum),STAMMUMFANG
2026-09-06T14:55:21,R02,406544,21.0,Nyssa sylvatica (Wald-Tupelobaum),STAMMUMFANG
2026-09-06T14:55:21,R02,406548,21.0,Paulownia tomentosa (Blauglockenbaum),STAMMUMFANG
2026-09-06T14:55:21,R02,406552,21.0,Nyssa sylvatica (Wald-Tupelobaum),STAMMUMFANG
2026-09-06T14:55:21,R02,397538,20.0,Acer campestre 'Elsrijk' (Feldahorn),STAMMUMFANG
2026-09-06T14:55:21,R02,397540,20.0,Carpinus betulus 'Frans Fontaine' (Schlanke Säulenhainbuche),STAMMUMFANG
2026-09-06T14:55:21,R02,397543,20.0,Fraxinus ornus 'Obelisk' (Säulenblumenesche),STAMMUMFANG
2026-09-06T14:55:21,R02,396371,2.0,Gleditsia triacanthos 'Inermis' (Dornenloser Lederhülsenbaum),STAMMUMFANG
2026-09-06T14:55:21,R02,396830,2.0,Sophora japonica 'Regent' (Pagodenschnurbaum),STAMMUMFANG
2026-09-06T14:55:21,R02,404550,2.0,Sophora japonica (Schnurbaum),STAMMUMFANG
2026-09-06T14:55:21,R02,408381,13.0,Juniperus virginiana 'Canaertii' (Virginischer Baumwacholder),STAMMUMFANG
2026-09-06T14:55:21,R02,408383,13.0,Metasequoia glyptostroboides (Urweltmammutbaum),STAMMUMFANG
2026-09-06T14:55:21,R02,408644,13.0,Sambucus nigra (Schwarzer Holunder),STAMMUMFANG
2026-09-06T14:55:21,R02,408646,13.0,Acer platanoides (Spitzahorn),STAMMUMFANG
2026-09-06T14:55:21,R02,408647,13.0,Acer platanoides (Spitzahorn),STAMMUMFANG
2026-09-06T14:55:21,R02,408648,13.0,Sambucus nigra (Schwarzer Holunder),STAMMUMFANG
2026-09-06T14:55:21,R02,323179,14.0,Morus alba (Weißer Maulbeerbaum),STAMMUMFANG
2026-09-06T14:55:21,R02,400140,3.0,Pterocarya fraxinifolia (Kaukasische Flügelnuss),STAMMUMFANG
2026-09-06T14:55:21,R02,400141,3.0,Acer truncatum 'Pacific Sunset' (Pazifischer Ahorn),STAMMUMFANG
2026-09-06T14:55:21,R02,399735,18.0,Celtis australis (Südlicher Zürgelbaum),STAMMUMFANG
2026-09-06T14:55:21,R02,406689,19.0,Tilia tomentosa 'Brabant' (Silberlinde),STAMMUMFANG
2026-09-06T14:55:21,R02,401741,19.0,Fraxinus angustifolia 'Raywood' (Schmalblättrige Esche),STAMMUMFANG
2026-09-06T14:55:21,R02,406912,14.0,Acer campestre 'Elsrijk' (Feldahorn),STAMMUMFANG
2026-09-06T14:55:21,R02,404411,2.0,Tilia spec. (Linde),STAMMUMFANG
2026-09-06T14:55:21,R02,404548,20.0,Fraxinus ornus (Blumenesche),STAMMUMFANG
2026-09-06T14:55:21,R02,408769,22.0,Malus 'Evereste' (Zierapfel),STAMMUMFANG
2026-09-06T14:55:21,R02,408645,13.0,Ulmus spec. (Ulme),STAMMUMFANG
2026-09-06T14:55:21,R02,410597,2.0,Fraxinus americana 'Autumn Purple' (Weiß-Esche 'Autumn Purple'),STAMMUMFANG
2026-09-06T14:55:21,R02,391100,20.0,Populus nigra 'Italica' (Pyramidenpappel),STAMMUMFANG
2026-09-06T14:55:21,R02,364969,21.0,Acer campestre 'Elsrijk' (Feldahorn),STAMMUMFANG
2026-09-06T14:55:21,R02,391598,20.0,Chamaecyparis spec. (Scheinzypresse),STAMMUMFANG
2026-09-06T14:55:21,R02,390652,20.0,Acer campestre 'Nanum' (Kugelfeldahorn),STAMMUMFANG
2026-09-06T14:55:21,R02,393253,20.0,Malus trilobata (Dreilappiger Apfel),STAMMUMFANG
2026-09-06T14:55:21,R02,393242,20.0,Fraxinus ornus 'Obelisk' (Säulenblumenesche),STAMMUMFANG
2026-09-06T14:55:21,R02,397519,20.0,Fraxinus ornus 'Obelisk' (Säulenblumenesche),STAMMUMFANG
2026-09-06T14:55:21,R02,399343,20.0,Fraxinus ornus 'Obelisk' (Säulenblumenesche),STAMMUMFANG
2026-09-06T14:55:21,R02,390961,18.0,Sophora japonica 'Regent' (Pagodenschnurbaum),STAMMUMFANG
2026-09-06T14:55:21,R02,397525,20.0,Acer campestre 'Elsrijk' (Feldahorn),STAMMUMFANG
2026-09-06T14:55:21,R02,392531,20.0,Acer campestre 'Elsrijk' (Feldahorn),STAMMUMFANG
2026-09-06T14:55:21,R02,397527,20.0,Fraxinus ornus 'Obelisk' (Säulenblumenesche),STAMMUMFANG
2026-09-06T14:55:21,R02,406690,2.0,Tilia cordata 'Rancho' (Kleinblättrige Winterlinde),STAMMUMFANG
2026-09-06T14:55:21,R02,397495,20.0,Fraxinus ornus 'Obelisk' (Säulenblumenesche),STAMMUMFANG
2026-09-06T14:55:21,R02,411740,18.0,Abies koreana (Korea-Tanne),STAMMUMFANG
2026-09-06T14:55:21,R02,411741,18.0,Cupressus arizonica 'Glauca' (Blaue Arizonazypresse),STAMMUMFANG
2026-09-06T14:55:21,R02,411743,19.0,Prunus mahaleb (Steinweichsel),STAMMUMFANG
2026-09-06T14:55:21,R06,278419,14.0,Fraxinus excelsior (Gemeine Esche),STAMMUMFANG
2026-09-06T14:55:21,R06,354774,2.0,Populus x canadensis (Kanadische Pappel),STAMMUMFANG
2026-09-06T14:55:21,R06,52442,21.0,Populus spec. (Pappel),STAMMUMFANG
2026-09-06T14:55:21,R06,151872,18.0,Acer platanoides (Spitzahorn),STAMMUMFANG
2026-09-06T14:55:21,R06,157233,19.0,"Pinus nigra (Schwarzkiefer, Schwarzföhre)",STAMMUMFANG
2026-09-06T14:55:21,R06,152499,18.0,Pinus nigra nigra (Österreichische Schwarzkiefer),STAMMUMFANG
2026-09-06T14:55:21,R06,152438,18.0,Pinus nigra nigra (Österreichische Schwarzkiefer),STAMMUMFANG
2026-09-06T14:55:21,R06,200068,5.0,Celtis australis (Südlicher Zürgelbaum),STAMMUMFANG
2026-09-06T14:55:21,R06,211550,15.0,Celtis australis (Südlicher Zürgelbaum),STAMMUMFANG
2026-09-06T14:55:21,R06,145504,2.0,Tilia cordata (Winterlinde),STAMMUMFANG
2026-09-06T14:55:21,R06,230832,21.0,Populus nigra (Schwarzpappel),STAMMUMFANG
2026-09-06T14:55:21,R06,152575,18.0,Acer campestre (Feldahorn),STAMMUMFANG
2026-09-06T14:55:21,R06,53633,22.0,Salix spec. (Weide),STAMMUMFANG
2026-09-06T14:55:21,R06,160870,22.0,Acer platanoides (Spitzahorn),STAMMUMFANG
2026-09-06T14:55:21,R06,151299,18.0,Quercus robur (Stieleiche),STAMMUMFANG
2026-09-06T14:55:21,R06,210254,3.0,Acer pseudoplatanus (Bergahorn),STAMMUMFANG
2026-09-06T14:55:21,R06,54069,2.0,Populus nigra (Schwarzpappel),STAMMUMFANG
2026-09-06T14:55:21,R06,55001,2.0,Populus nigra (Schwarzpappel),STAMMUMFANG
2026-09-06T14:55:21,R06,346771,21.0,Fraxinus spec. (Esche),STAMMUMFANG
2026-09-06T14:55:21,R06,152052,18.0,Abies pinsapo 'Glauca' (Blaugrüne Spanische Tanne),STAMMUMFANG
2026-09-06T14:55:21,R06,265603,22.0,Pterocarya fraxinifolia (Kaukasische Flügelnuss),STAMMUMFANG
2026-09-06T14:55:21,R06,197579,,Populus nigra (Schwarzpappel),STAMMUMFANG
2026-09-06T14:55:21,R06,197581,,Populus nigra (Schwarzpappel),STAMMUMFANG
2026-09-06T14:55:21,R03,209622,,Salix spec. (Weide),BEZIRK
2026-09-06T14:55:21,R03,209623,,Acer negundo (Eschenahorn),BEZIRK
2026-09-06T14:55:21,R03,209630,,Ulmus spec. (Ulme),BEZIRK
2026-09-06T14:55:21,R03,209631,,Salix spec. (Weide),BEZIRK
2026-09-06T14:55:21,R03,209634,,Acer saccharinum (Silberahorn),BEZIRK
2026-09-06T14:55:21,R03,209636,,Acer negundo (Eschenahorn),BEZIRK
2026-09-06T14:55:21,R03,139032,,Populus x canadensis (Kanadische Pappel),BEZIRK
2026-09-06T14:55:21,R03,139036,,Populus nigra (Schwarzpappel),BEZIRK
2026-09-06T14:55:21,R03,160431,,Ailanthus altissima (Götterbaum),BEZIRK
2026-09-06T14:55:21,R03,160418,,Populus x canadensis (Kanadische Pappel),BEZIRK
2026-09-06T14:55:21,R03,160416,,Populus x canadensis (Kanadische Pappel),BEZIRK
2026-09-06T14:55:21,R03,139034,,Populus alba (Silberpappel),BEZIRK
2026-09-06T14:55:21,R03,139030,,Populus x canadensis (Kanadische Pappel),BEZIRK
2026-09-06T14:55:21,R03,381137,,Malus spec. (Apfelbaum),BEZIRK
2026-09-06T14:55:21,R03,381162,,Pinus nigra nigra (Österreichische Schwarzkiefer),BEZIRK
2026-09-06T14:55:21,R03,381170,,Picea pungens 'Glauca' (Blaufichte),BEZIRK
2026-09-06T14:55:21,R03,139033,,Populus alba (Silberpappel),BEZIRK
2026-09-06T14:55:21,R03,139037,,Populus nigra (Schwarzpappel),BEZIRK
2026-09-06T14:55:21,R03,381151,,Malus spec. (Apfelbaum),BEZIRK
2026-09-06T14:55:21,R03,209628,,Crataegus monogyna (Weißdorn),BEZIRK
2026-09-06T14:55:21,R03,197578,,Populus nigra (Schwarzpappel),BEZIRK
2026-09-06T14:55:21,R03,197591,,Salix alba (Silberweide),BEZIRK
2026-09-06T14:55:21,R03,197615,,Acer negundo (Eschenahorn),BEZIRK
2026-09-06T14:55:21,R03,197633,,Acer negundo (Eschenahorn),BEZIRK
2026-09-06T14:55:21,R03,197665,,Acer negundo (Eschenahorn),BEZIRK
2026-09-06T14:55:21,R03,209700,,Acer negundo (Eschenahorn),BEZIRK
2026-09-06T14:55:21,R03,209684,,Crataegus monogyna (Weißdorn),BEZIRK
2026-09-06T14:55:21,R03,197355,,Acer negundo (Eschenahorn),BEZIRK
2026-09-06T14:55:21,R03,197434,,Populus nigra (Schwarzpappel),BEZIRK
2026-09-06T14:55:21,R03,197459,,Populus nigra (Schwarzpappel),BEZIRK
2026-09-06T14:55:21,R03,197499,,Acer negundo (Eschenahorn),BEZIRK
2026-09-06T14:55:21,R03,325662,,Corylus spec. (Haselnuss),BEZIRK
2026-09-06T14:55:21,R03,325664,,Malus spec. (Apfelbaum),BEZIRK
2026-09-06T14:55:21,R03,325665,,Juglans regia (Walnussbaum),BEZIRK
2026-09-06T14:55:21,R03,197343,,Populus nigra (Schwarzpappel),BEZIRK
2026-09-06T14:55:21,R03,197490,,Acer negundo (Eschenahorn),BEZIRK
2026-09-06T14:55:21,R03,209629,,Acer negundo (Eschenahorn),BEZIRK
2026-09-06T14:55:21,R03,321973,,Quercus robur (Stieleiche),BEZIRK
2026-09-06T14:55:21,R03,325689,,Cupressocyparis leylandii (Riesenzypresse),BEZIRK
2026-09-06T14:55:21,R03,325691,,Fraxinus americana (Weiß-Esche),BEZIRK
2026-09-06T14:55:21,R03,325693,,Prunus domestica (Pflaume),BEZIRK
2026-09-06T14:55:21,R03,381133,,Malus spec. (Apfelbaum),BEZIRK
2026-09-06T14:55:21,R03,381135,,Malus spec. (Apfelbaum),BEZIRK
2026-09-06T14:55:21,R03,381138,,Malus spec. (Apfelbaum),BEZIRK
2026-09-06T14:55:21,R03,381140,,Malus spec. (Apfelbaum),BEZIRK
2026-09-06T14:55:21,R03,381145,,Malus spec. (Apfelbaum),BEZIRK
2026-09-06T14:55:21,R03,381159,,Prunus spec. (Kirsche),BEZIRK
2026-09-06T14:55:21,R03,382284,,Picea abies (Gemeine Fichte),BEZIRK
2026-09-06T14:55:21,R03,381171,,Tilia spec. (Linde),BEZIRK
2026-09-06T14:55:21,R03,381173,,Malus spec. (Apfelbaum),BEZIRK
2026-09-06T14:55:21,R03,381174,,Tilia spec. (Linde),BEZIRK
2026-09-06T14:55:21,R03,381175,,Acer platanoides (Spitzahorn),BEZIRK
2026-09-06T14:55:21,R03,381163,,Pinus nigra nigra (Österreichische Schwarzkiefer),BEZIRK
2026-09-06T14:55:21,R03,381165,,Betula pendula (Weißbirke),BEZIRK
2026-09-06T14:55:21,R03,381166,,Betula pendula (Weißbirke),BEZIRK
2026-09-06T14:55:21,R03,381168,,Corylus colurna (Baumhasel),BEZIRK
2026-09-06T14:55:21,R03,73005,,Tilia tomentosa (Silberlinde),BEZIRK
2026-09-06T14:55:21,R03,72834,,Tilia platyphyllos (Sommerlinde),BEZIRK
2026-09-06T14:55:21,R03,72835,,Tilia cordata (Winterlinde),BEZIRK
2026-09-06T14:55:21,R03,381177,,Castanea sativa (Edelkastanie),BEZIRK
2026-09-06T14:55:21,R03,72836,,Tilia cordata (Winterlinde),BEZIRK
2026-09-06T14:55:21,R03,197647,,Populus nigra (Schwarzpappel),BEZIRK
2026-09-06T14:55:21,R03,197707,,Acer negundo (Eschenahorn),BEZIRK
2026-09-06T14:55:21,R03,321972,,"Pinus nigra (Schwarzkiefer, Schwarzföhre)",BEZIRK
2026-09-06T14:55:21,R03,321974,,Prunus avium (Vogelkirsche),BEZIRK
2026-09-06T14:55:21,R03,321977,,Prunus padus (Traubenkirsche),BEZIRK
2026-09-06T14:55:21,R03,325666,,Juglans regia (Walnussbaum),BEZIRK
2026-09-06T14:55:21,R03,324351,,Acer platanoides (Spitzahorn),BEZIRK
2026-09-06T14:55:21,R03,197401,,Acer negundo (Eschenahorn),BEZIRK
2026-09-06T14:55:21,R03,197602,,Populus nigra (Schwarzpappel),BEZIRK
2026-09-06T14:55:21,R03,209696,,Acer negundo (Eschenahorn),BEZIRK
2026-09-06T14:55:21,R03,197625,,Acer negundo (Eschenahorn),BEZIRK
2026-09-06T14:55:21,R03,197626,,Acer negundo (Eschenahorn),BEZIRK
2026-09-06T14:55:21,R03,197637,,Ailanthus altissima (Götterbaum),BEZIRK
2026-09-06T14:55:21,R03,197653,,Acer negundo (Eschenahorn),BEZIRK
2026-09-06T14:55:21,R03,197661,,Populus nigra (Schwarzpappel),BEZIRK
2026-09-06T14:55:21,R03,197671,,Acer negundo (Eschenahorn),BEZIRK
2026-09-06T14:55:21,R03,197676,,Acer negundo (Eschenahorn),BEZIRK
2026-09-06T14:55:21,R03,197679,,Populus nigra (Schwarzpappel),BEZIRK
2026-09-06T14:55:21,R03,197687,,Populus nigra (Schwarzpappel),BEZIRK
2026-09-06T14:55:21,R03,197696,,Acer negundo (Eschenahorn),BEZIRK
2026-09-06T14:55:21,R03,197706,,Acer negundo (Eschenahorn),BEZIRK
2026-09-06T14:55:21,R03,209637,,Acer negundo (Eschenahorn),BEZIRK
2026-09-06T14:55:21,R03,197714,,Acer negundo (Eschenahorn),BEZIRK
2026-09-06T14:55:21,R03,197716,,Acer negundo (Eschenahorn),BEZIRK
2026-09-06T14:55:21,R03,197723,,Acer negundo (Eschenahorn),BEZIRK
2026-09-06T14:55:21,R03,197284,,Populus nigra (Schwarzpappel),BEZIRK
2026-09-06T14:55:21,R03,197287,,Populus nigra (Schwarzpappel),BEZIRK
2026-09-06T14:55:21,R03,197356,,Acer negundo (Eschenahorn),BEZIRK
2026-09-06T14:55:21,R03,197357,,Acer negundo (Eschenahorn),BEZIRK
2026-09-06T14:55:21,R03,197377,,Acer negundo (Eschenahorn),BEZIRK
2026-09-06T14:55:21,R03,197391,,Acer negundo (Eschenahorn),BEZIRK
2026-09-06T14:55:21,R03,197395,,Acer negundo (Eschenahorn),BEZIRK
2026-09-06T14:55:21,R03,197405,,Populus nigra (Schwarzpappel),BEZIRK
2026-09-06T14:55:21,R03,381131,,Malus spec. (Apfelbaum),BEZIRK
2026-09-06T14:55:21,R03,381144,,Malus spec. (Apfelbaum),BEZIRK
2026-09-06T14:55:21,R03,381154,,Malus spec. (Apfelbaum),BEZIRK
2026-09-06T14:55:21,R03,381160,,Picea abies (Gemeine Fichte),BEZIRK
2026-09-06T14:55:21,R03,382281,,Picea abies (Gemeine Fichte),BEZIRK
2026-09-06T14:55:21,R03,382283,,Picea abies (Gemeine Fichte),BEZIRK
2026-09-06T14:55:21,R03,381132,,Malus spec. (Apfelbaum),BEZIRK
2026-09-06T14:55:21,R03,381134,,Malus spec. (Apfelbaum),BEZIRK
2026-09-06T14:55:21,R03,381136,,Malus spec. (Apfelbaum),BEZIRK
2026-09-06T14:55:21,R03,381139,,Malus spec. (Apfelbaum),BEZIRK
2026-09-06T14:55:21,R03,381141,,Malus spec. (Apfelbaum),BEZIRK
2026-09-06T14:55:21,R03,381142,,Malus spec. (Apfelbaum),BEZIRK
2026-09-06T14:55:21,R03,381152,,Malus spec. (Apfelbaum),BEZIRK
2026-09-06T14:55:21,R03,381153,,Malus spec. (Apfelbaum),BEZIRK
2026-09-06T14:55:21,R03,381155,,Malus spec. (Apfelbaum),BEZIRK
2026-09-06T14:55:21,R03,381156,,Malus spec. (Apfelbaum),BEZIRK
2026-09-06T14:55:21,R03,381157,,Malus spec. (Apfelbaum),BEZIRK
2026-09-06T14:55:21,R03,381158,,Malus spec. (Apfelbaum),BEZIRK
2026-09-06T14:55:21,R03,381161,,Picea abies (Gemeine Fichte),BEZIRK
2026-09-06T14:55:21,R03,381164,,Picea abies (Gemeine Fichte),BEZIRK
2026-09-06T14:55:21,R03,381167,,Betula pendula (Weißbirke),BEZIRK
2026-09-06T14:55:21,R03,381172,,Prunus spec. (Kirsche),BEZIRK
2026-09-06T14:55:21,R03,381169,,Castanea sativa (Edelkastanie),BEZIRK
2026-09-06T14:55:21,R03,382279,,Picea abies (Gemeine Fichte),BEZIRK
2026-09-06T14:55:21,R03,382280,,Picea abies (Gemeine Fichte),BEZIRK
2026-09-06T14:55:21,R03,382282,,Picea abies (Gemeine Fichte),BEZIRK
2026-09-06T14:55:21,R03,381143,,Malus spec. (Apfelbaum),BEZIRK
2026-09-06T14:55:21,R03,381146,,Malus spec. (Apfelbaum),BEZIRK
2026-09-06T14:55:21,R03,381147,,Malus spec. (Apfelbaum),BEZIRK
2026-09-06T14:55:21,R03,381148,,Malus spec. (Apfelbaum),BEZIRK
2026-09-06T14:55:21,R03,197422,,Populus nigra (Schwarzpappel),BEZIRK
2026-09-06T14:55:21,R03,197486,,Acer negundo (Eschenahorn),BEZIRK
2026-09-06T14:55:21,R03,197493,,Acer negundo (Eschenahorn),BEZIRK
2026-09-06T14:55:21,R03,197497,,Acer negundo (Eschenahorn),BEZIRK
2026-09-06T14:55:21,R03,197498,,Acer negundo (Eschenahorn),BEZIRK
2026-09-06T14:55:21,R03,197516,,Acer negundo (Eschenahorn),BEZIRK
2026-09-06T14:55:21,R03,197526,,Acer negundo (Eschenahorn),BEZIRK
2026-09-06T14:55:21,R03,209619,,Fraxinus excelsior (Gemeine Esche),BEZIRK
2026-09-06T14:55:21,R03,209625,,Crataegus monogyna (Weißdorn),BEZIRK
2026-09-06T14:55:21,R03,209633,,Acer negundo (Eschenahorn),BEZIRK
2026-09-06T14:55:21,R03,139039,,Populus alba (Silberpappel),BEZIRK
2026-09-06T14:55:21,R03,139044,,Fraxinus excelsior (Gemeine Esche),BEZIRK
2026-09-06T14:55:21,R03,139040,,Populus alba (Silberpappel),BEZIRK
2026-09-06T14:55:21,R03,160415,,Robinia pseudoacacia (Scheinakazie),BEZIRK
2026-09-06T14:55:21,R03,160426,,Robinia pseudoacacia (Scheinakazie),BEZIRK
2026-09-06T14:55:21,R03,325690,,Prunus domestica (Pflaume),BEZIRK
2026-09-06T14:55:21,R03,197704,,Acer negundo (Eschenahorn),BEZIRK
2026-09-06T14:55:21,R03,381149,,Malus spec. (Apfelbaum),BEZIRK
2026-09-06T14:55:21,R03,381150,,Malus spec. (Apfelbaum),BEZIRK
2026-09-06T14:55:21,R03,382278,,Picea abies (Gemeine Fichte),BEZIRK
2026-09-06T14:55:21,R03,381176,,Quercus spec. (Eiche),BEZIRK
2026-09-06T14:55:21,R03,197501,,Acer negundo (Eschenahorn),BEZIRK
2026-09-06T14:55:21,R03,197506,,Acer negundo (Eschenahorn),BEZIRK
2026-09-06T14:55:21,R03,197511,,Acer negundo (Eschenahorn),BEZIRK
2026-09-06T14:55:21,R03,197512,,Acer negundo (Eschenahorn),BEZIRK
2026-09-06T14:55:21,R03,197522,,Acer negundo (Eschenahorn),BEZIRK
2026-09-06T14:55:21,R03,197529,,Acer negundo (Eschenahorn),BEZIRK
2026-09-06T14:55:21,R03,197535,,Acer negundo (Eschenahorn),BEZIRK
2026-09-06T14:55:21,R03,197541,,Populus alba (Silberpappel),BEZIRK
2026-09-06T14:55:21,R03,209607,,Populus alba (Silberpappel),BEZIRK
2026-09-06T14:55:21,R03,197272,,Robinia pseudoacacia (Scheinakazie),BEZIRK
2026-09-06T14:55:21,R03,197279,,Populus nigra (Schwarzpappel),BEZIRK
2026-09-06T14:55:21,R03,197285,,Populus nigra (Schwarzpappel),BEZIRK
2026-09-06T14:55:21,R03,197289,,Robinia pseudoacacia (Scheinakazie),BEZIRK
2026-09-06T14:55:21,R03,197301,,Populus nigra (Schwarzpappel),BEZIRK
2026-09-06T14:55:21,R03,197302,,Populus nigra (Schwarzpappel),BEZIRK
2026-09-06T14:55:21,R03,197313,,Acer negundo (Eschenahorn),BEZIRK
2026-09-06T14:55:21,R03,197317,,Juglans regia (Walnussbaum),BEZIRK
2026-09-06T14:55:21,R03,197320,,Acer negundo (Eschenahorn),BEZIRK
2026-09-06T14:55:21,R03,197326,,Acer negundo (Eschenahorn),BEZIRK
2026-09-06T14:55:21,R03,197340,,Populus nigra (Schwarzpappel),BEZIRK
2026-09-06T14:55:21,R03,197362,,Acer negundo (Eschenahorn),BEZIRK
2026-09-06T14:55:21,R03,197371,,Acer negundo (Eschenahorn),BEZIRK
2026-09-06T14:55:21,R03,197398,,Acer negundo (Eschenahorn),BEZIRK
2026-09-06T14:55:21,R03,197413,,Populus nigra (Schwarzpappel),BEZIRK
2026-09-06T14:55:21,R03,197416,,Populus nigra (Schwarzpappel),BEZIRK
2026-09-06T14:55:21,R03,197446,,Populus nigra (Schwarzpappel),BEZIRK
2026-09-06T14:55:21,R03,197448,,Populus nigra (Schwarzpappel),BEZIRK
2026-09-06T14:55:21,R03,197460,,Fraxinus excelsior (Gemeine Esche),BEZIRK
2026-09-06T14:55:21,R03,197464,,Populus nigra (Schwarzpappel),BEZIRK
2026-09-06T14:55:21,R03,197470,,Populus alba (Silberpappel),BEZIRK
2026-09-06T14:55:21,R03,197472,,Populus nigra (Schwarzpappel),BEZIRK
2026-09-06T14:55:21,R03,197505,,Acer negundo (Eschenahorn),BEZIRK
2026-09-06T14:55:21,R03,197518,,Acer negundo (Eschenahorn),BEZIRK
2026-09-06T14:55:21,R03,197521,,Acer negundo (Eschenahorn),BEZIRK
2026-09-06T14:55:21,R03,197525,,Fraxinus excelsior (Gemeine Esche),BEZIRK
2026-09-06T14:55:21,R03,197530,,Acer negundo (Eschenahorn),BEZIRK
2026-09-06T14:55:21,R03,197533,,Acer negundo (Eschenahorn),BEZIRK
2026-09-06T14:55:21,R03,197540,,Juglans regia (Walnussbaum),BEZIRK
2026-09-06T14:55:21,R03,197542,,Acer negundo (Eschenahorn),BEZIRK
2026-09-06T14:55:21,R03,209608,,Populus alba (Silberpappel),BEZIRK
2026-09-06T14:55:21,R03,197288,,Populus nigra (Schwarzpappel),BEZIRK
2026-09-06T14:55:21,R03,197307,,Populus nigra (Schwarzpappel),BEZIRK
2026-09-06T14:55:21,R03,197314,,Acer campestre (Feldahorn),BEZIRK
2026-09-06T14:55:21,R03,197327,,Acer negundo (Eschenahorn),BEZIRK
2026-09-06T14:55:21,R03,197331,,Acer negundo (Eschenahorn),BEZIRK
2026-09-06T14:55:21,R03,197334,,Populus nigra (Schwarzpappel),BEZIRK
2026-09-06T14:55:21,R03,197339,,Populus nigra (Schwarzpappel),BEZIRK
2026-09-06T14:55:21,R03,197345,,Populus nigra (Schwarzpappel),BEZIRK
2026-09-06T14:55:21,R03,197348,,Acer negundo (Eschenahorn),BEZIRK
2026-09-06T14:55:21,R03,197373,,Acer negundo (Eschenahorn),BEZIRK
2026-09-06T14:55:21,R03,197376,,Acer negundo (Eschenahorn),BEZIRK
2026-09-06T14:55:21,R03,197378,,Acer negundo (Eschenahorn),BEZIRK
2026-09-06T14:55:21,R03,197380,,Acer negundo (Eschenahorn),BEZIRK
2026-09-06T14:55:21,R03,197389,,Populus nigra (Schwarzpappel),BEZIRK
2026-09-06T14:55:21,R03,197418,,Populus nigra (Schwarzpappel),BEZIRK
2026-09-06T14:55:21,R03,197425,,Populus nigra (Schwarzpappel),BEZIRK
2026-09-06T14:55:21,R03,197430,,Populus nigra (Schwarzpappel),BEZIRK
2026-09-06T14:55:21,R03,197431,,Populus nigra (Schwarzpappel),BEZIRK
2026-09-06T14:55:21,R03,197456,,Populus nigra (Schwarzpappel),BEZIRK
2026-09-06T14:55:21,R03,197469,,Sambucus nigra (Schwarzer Holunder),BEZIRK
2026-09-06T14:55:21,R03,197477,,Ulmus spec. (Ulme),BEZIRK
2026-09-06T14:55:21,R03,197480,,Acer negundo (Eschenahorn),BEZIRK
2026-09-06T14:55:21,R03,197481,,Acer negundo (Eschenahorn),BEZIRK
2026-09-06T14:55:21,R03,197482,,Acer negundo (Eschenahorn),BEZIRK
2026-09-06T14:55:21,R03,197483,,Acer negundo (Eschenahorn),BEZIRK
2026-09-06T14:55:21,R03,197503,,Acer negundo (Eschenahorn),BEZIRK
2026-09-06T14:55:21,R03,197509,,Fraxinus excelsior (Gemeine Esche),BEZIRK
2026-09-06T14:55:21,R03,197514,,Acer negundo (Eschenahorn),BEZIRK
2026-09-06T14:55:21,R03,197513,,Acer negundo (Eschenahorn),BEZIRK
2026-09-06T14:55:21,R03,197523,,Acer negundo (Eschenahorn),BEZIRK
2026-09-06T14:55:21,R03,197539,,Acer negundo (Eschenahorn),BEZIRK
2026-09-06T14:55:21,R03,197554,,Ulmus spec. (Ulme),BEZIRK
2026-09-06T14:55:21,R03,209610,,Populus alba (Silberpappel),BEZIRK
2026-09-06T14:55:21,R03,197273,,Robinia pseudoacacia (Scheinakazie),BEZIRK
2026-09-06T14:55:21,R03,197271,,Robinia pseudoacacia (Scheinakazie),BEZIRK
2026-09-06T14:55:21,R03,197274,,Populus nigra (Schwarzpappel),BEZIRK
2026-09-06T14:55:21,R03,197275,,Populus nigra (Schwarzpappel),BEZIRK
2026-09-06T14:55:21,R03,197278,,Populus nigra (Schwarzpappel),BEZIRK
2026-09-06T14:55:21,R03,197280,,Robinia pseudoacacia (Scheinakazie),BEZIRK
2026-09-06T14:55:21,R03,197281,,Populus nigra (Schwarzpappel),BEZIRK
2026-09-06T14:55:21,R03,197282,,Salix caprea (Salweide),BEZIRK
2026-09-06T14:55:21,R03,197283,,Acer negundo (Eschenahorn),BEZIRK
2026-09-06T14:55:21,R03,197286,,Populus nigra (Schwarzpappel),BEZIRK
2026-09-06T14:55:21,R03,197292,,Populus nigra (Schwarzpappel),BEZIRK
2026-09-06T14:55:21,R03,197293,,Salix alba (Silberweide),BEZIRK
2026-09-06T14:55:21,R03,197294,,Populus nigra (Schwarzpappel),BEZIRK
2026-09-06T14:55:21,R03,197295,,Populus nigra (Schwarzpappel),BEZIRK
2026-09-06T14:55:21,R03,197298,,Populus nigra (Schwarzpappel),BEZIRK
2026-09-06T14:55:21,R03,197299,,Acer saccharinum (Silberahorn),BEZIRK
2026-09-06T14:55:21,R03,197303,,Populus nigra (Schwarzpappel),BEZIRK
2026-09-06T14:55:21,R03,197306,,Populus nigra (Schwarzpappel),BEZIRK
2026-09-06T14:55:21,R03,197316,,Populus nigra (Schwarzpappel),BEZIRK
2026-09-06T14:55:21,R03,197319,,Acer negundo (Eschenahorn),BEZIRK
2026-09-06T14:55:21,R03,197323,,Populus nigra (Schwarzpappel),BEZIRK
2026-09-06T14:55:21,R03,197332,,Populus nigra (Schwarzpappel),BEZIRK
2026-09-06T14:55:21,R03,197333,,Populus nigra (Schwarzpappel),BEZIRK
2026-09-06T14:55:21,R03,197344,,Populus nigra (Schwarzpappel),BEZIRK
2026-09-06T14:55:21,R03,197347,,Populus nigra (Schwarzpappel),BEZIRK
2026-09-06T14:55:21,R03,197352,,Acer negundo (Eschenahorn),BEZIRK
2026-09-06T14:55:21,R03,197367,,Acer negundo (Eschenahorn),BEZIRK
2026-09-06T14:55:21,R03,197381,,Populus nigra (Schwarzpappel),BEZIRK
2026-09-06T14:55:21,R03,197383,,Acer negundo (Eschenahorn),BEZIRK
2026-09-06T14:55:21,R03,197386,,Populus nigra (Schwarzpappel),BEZIRK
2026-09-06T14:55:21,R03,197392,,Tilia spec. (Linde),BEZIRK
2026-09-06T14:55:21,R03,197403,,Populus nigra (Schwarzpappel),BEZIRK
2026-09-06T14:55:21,R03,197406,,Populus nigra (Schwarzpappel),BEZIRK
2026-09-06T14:55:21,R03,197407,,Populus nigra (Schwarzpappel),BEZIRK
2026-09-06T14:55:21,R03,197408,,Populus nigra (Schwarzpappel),BEZIRK
2026-09-06T14:55:21,R03,197410,,Populus nigra (Schwarzpappel),BEZIRK
2026-09-06T14:55:21,R03,197411,,Populus nigra (Schwarzpappel),BEZIRK
2026-09-06T14:55:21,R03,197424,,Populus nigra (Schwarzpappel),BEZIRK
2026-09-06T14:55:21,R03,197426,,Populus nigra (Schwarzpappel),BEZIRK
2026-09-06T14:55:21,R03,197428,,Populus nigra (Schwarzpappel),BEZIRK
2026-09-06T14:55:21,R03,197429,,Populus nigra (Schwarzpappel),BEZIRK
2026-09-06T14:55:21,R03,197432,,Populus nigra (Schwarzpappel),BEZIRK
2026-09-06T14:55:21,R03,197442,,Populus nigra (Schwarzpappel),BEZIRK
2026-09-06T14:55:21,R03,197445,,Populus nigra (Schwarzpappel),BEZIRK
2026-09-06T14:55:21,R03,197449,,Populus nigra (Schwarzpappel),BEZIRK
2026-09-06T14:55:21,R03,197451,,Populus nigra (Schwarzpappel),BEZIRK
2026-09-06T14:55:21,R03,197452,,Populus nigra (Schwarzpappel),BEZIRK
2026-09-06T14:55:21,R03,197463,,Populus nigra (Schwarzpappel),BEZIRK
2026-09-06T14:55:21,R03,197474,,Fraxinus excelsior (Gemeine Esche),BEZIRK
2026-09-06T14:55:21,R03,197487,,Acer negundo (Eschenahorn),BEZIRK
2026-09-06T14:55:21,R03,197492,,Acer negundo (Eschenahorn),BEZIRK
2026-09-06T14:55:21,R03,197495,,Acer negundo (Eschenahorn),BEZIRK
2026-09-06T14:55:21,R03,197502,,Acer negundo (Eschenahorn),BEZIRK
2026-09-06T14:55:21,R03,197504,,Acer negundo (Eschenahorn),BEZIRK
2026-09-06T14:55:21,R03,197507,,Acer negundo (Eschenahorn),BEZIRK
2026-09-06T14:55:21,R03,197508,,Acer negundo (Eschenahorn),BEZIRK
2026-09-06T14:55:21,R03,197510,,Acer negundo (Eschenahorn),BEZIRK
2026-09-06T14:55:21,R03,197515,,Acer negundo (Eschenahorn),BEZIRK
2026-09-06T14:55:21,R03,197517,,Acer negundo (Eschenahorn),BEZIRK
2026-09-06T14:55:21,R03,197350,,Populus nigra (Schwarzpappel),BEZIRK
2026-09-06T14:55:21,R03,197519,,Acer negundo (Eschenahorn),BEZIRK
2026-09-06T14:55:21,R03,197520,,Acer negundo (Eschenahorn),BEZIRK
2026-09-06T14:55:21,R03,197524,,Fraxinus excelsior (Gemeine Esche),BEZIRK
2026-09-06T14:55:21,R03,197528,,Fraxinus excelsior (Gemeine Esche),BEZIRK
2026-09-06T14:55:21,R03,197531,,Fraxinus excelsior (Gemeine Esche),BEZIRK
2026-09-06T14:55:21,R03,197532,,Acer negundo (Eschenahorn),BEZIRK
2026-09-06T14:55:21,R03,197534,,Acer negundo (Eschenahorn),BEZIRK
2026-09-06T14:55:21,R03,197536,,Acer negundo (Eschenahorn),BEZIRK
2026-09-06T14:55:21,R03,197538,,Juglans regia (Walnussbaum),BEZIRK
2026-09-06T14:55:21,R03,197548,,Ulmus spec. (Ulme),BEZIRK
2026-09-06T14:55:21,R03,197549,,Populus nigra (Schwarzpappel),BEZIRK
2026-09-06T14:55:21,R03,197556,,Populus alba (Silberpappel),BEZIRK
2026-09-06T14:55:21,R03,197557,,Populus nigra (Schwarzpappel),BEZIRK
2026-09-06T14:55:21,R03,197566,,Populus nigra (Schwarzpappel),BEZIRK
2026-09-06T14:55:21,R03,197570,,Populus nigra (Schwarzpappel),BEZIRK
2026-09-06T14:55:21,R03,197576,,Populus nigra (Schwarzpappel),BEZIRK
2026-09-06T14:55:21,R03,197583,,Populus nigra (Schwarzpappel),BEZIRK
2026-09-06T14:55:21,R03,197584,,Acer negundo (Eschenahorn),BEZIRK
2026-09-06T14:55:21,R03,197590,,Populus nigra (Schwarzpappel),BEZIRK
2026-09-06T14:55:21,R03,197593,,Populus alba (Silberpappel),BEZIRK
2026-09-06T14:55:21,R03,197596,,Fraxinus ornus (Blumenesche),BEZIRK
2026-09-06T14:55:21,R03,197597,,Populus nigra (Schwarzpappel),BEZIRK
2026-09-06T14:55:21,R03,197600,,Populus nigra (Schwarzpappel),BEZIRK
2026-09-06T14:55:21,R03,197607,,Populus nigra (Schwarzpappel),BEZIRK
2026-09-06T14:55:21,R03,197608,,Populus nigra (Schwarzpappel),BEZIRK
2026-09-06T14:55:21,R03,197611,,Populus nigra (Schwarzpappel),BEZIRK
2026-09-06T14:55:21,R03,197613,,Populus nigra (Schwarzpappel),BEZIRK
2026-09-06T14:55:21,R03,197616,,Populus nigra (Schwarzpappel),BEZIRK
2026-09-06T14:55:21,R03,197618,,Populus nigra (Schwarzpappel),BEZIRK
2026-09-06T14:55:21,R03,197619,,Salix alba (Silberweide),BEZIRK
2026-09-06T14:55:21,R03,197621,,Populus nigra (Schwarzpappel),BEZIRK
2026-09-06T14:55:21,R03,197622,,Populus nigra (Schwarzpappel),BEZIRK
2026-09-06T14:55:21,R03,197623,,Populus nigra (Schwarzpappel),BEZIRK
2026-09-06T14:55:21,R03,197627,,Populus nigra (Schwarzpappel),BEZIRK
2026-09-06T14:55:21,R03,197628,,Acer negundo (Eschenahorn),BEZIRK
2026-09-06T14:55:21,R03,197630,,Acer negundo (Eschenahorn),BEZIRK
2026-09-06T14:55:21,R03,197636,,Populus nigra (Schwarzpappel),BEZIRK
2026-09-06T14:55:21,R03,197641,,Populus alba (Silberpappel),BEZIRK
2026-09-06T14:55:21,R03,197642,,Populus nigra (Schwarzpappel),BEZIRK
2026-09-06T14:55:21,R03,197643,,Salix alba (Silberweide),BEZIRK
2026-09-06T14:55:21,R03,197646,,Populus nigra (Schwarzpappel),BEZIRK
2026-09-06T14:55:21,R03,197648,,Populus nigra (Schwarzpappel),BEZIRK
2026-09-06T14:55:21,R03,197650,,Populus nigra (Schwarzpappel),BEZIRK
2026-09-06T14:55:21,R03,197651,,Populus nigra (Schwarzpappel),BEZIRK
2026-09-06T14:55:21,R03,197652,,Populus nigra (Schwarzpappel),BEZIRK
2026-09-06T14:55:21,R03,197654,,Populus nigra (Schwarzpappel),BEZIRK
2026-09-06T14:55:21,R03,197655,,Acer negundo (Eschenahorn),BEZIRK
2026-09-06T14:55:21,R03,197656,,Populus nigra (Schwarzpappel),BEZIRK
2026-09-06T14:55:21,R03,197657,,Populus nigra (Schwarzpappel),BEZIRK
2026-09-06T14:55:21,R03,197658,,Acer negundo (Eschenahorn),BEZIRK
2026-09-06T14:55:21,R03,197662,,Populus nigra (Schwarzpappel),BEZIRK
2026-09-06T14:55:21,R03,197666,,Populus nigra (Schwarzpappel),BEZIRK
2026-09-06T14:55:21,R03,197668,,Acer negundo (Eschenahorn),BEZIRK
2026-09-06T14:55:21,R03,197674,,Populus nigra (Schwarzpappel),BEZIRK
2026-09-06T14:55:21,R03,197677,,Fraxinus excelsior (Gemeine Esche),BEZIRK
2026-09-06T14:55:21,R03,197683,,Populus nigra (Schwarzpappel),BEZIRK
2026-09-06T14:55:21,R03,197685,,Populus nigra (Schwarzpappel),BEZIRK
2026-09-06T14:55:21,R03,197686,,Populus nigra (Schwarzpappel),BEZIRK
2026-09-06T14:55:21,R03,197688,,Populus nigra (Schwarzpappel),BEZIRK
2026-09-06T14:55:21,R03,197689,,Populus nigra (Schwarzpappel),BEZIRK
2026-09-06T14:55:21,R03,197691,,Acer negundo (Eschenahorn),BEZIRK
2026-09-06T14:55:21,R03,197693,,Populus nigra (Schwarzpappel),BEZIRK
2026-09-06T14:55:21,R03,197694,,Populus alba (Silberpappel),BEZIRK
2026-09-06T14:55:21,R03,197701,,Ulmus spec. (Ulme),BEZIRK
2026-09-06T14:55:21,R03,197703,,Acer negundo (Eschenahorn),BEZIRK
2026-09-06T14:55:21,R03,197708,,Acer negundo (Eschenahorn),BEZIRK
2026-09-06T14:55:21,R03,197718,,Acer negundo (Eschenahorn),BEZIRK
2026-09-06T14:55:21,R03,197719,,Acer negundo (Eschenahorn),BEZIRK
2026-09-06T14:55:21,R03,209609,,Populus alba (Silberpappel),BEZIRK
2026-09-06T14:55:21,R03,209613,,Populus alba (Silberpappel),BEZIRK
2026-09-06T14:55:21,R03,209615,,Populus alba (Silberpappel),BEZIRK
2026-09-06T14:55:21,R03,209616,,Populus alba (Silberpappel),BEZIRK
2026-09-06T14:55:21,R03,209618,,Populus alba (Silberpappel),BEZIRK
2026-09-06T14:55:21,R03,209620,,Acer negundo (Eschenahorn),BEZIRK
2026-09-06T14:55:21,R03,209626,,Populus alba (Silberpappel),BEZIRK
2026-09-06T14:55:21,R03,209624,,Salix spec. (Weide),BEZIRK
2026-09-06T14:55:21,R03,209627,,Crataegus monogyna (Weißdorn),BEZIRK
2026-09-06T14:55:21,R03,209632,,Salix spec. (Weide),BEZIRK
2026-09-06T14:55:21,R03,209635,,Ulmus spec. (Ulme),BEZIRK
2026-09-06T14:55:21,R03,209638,,Acer negundo (Eschenahorn),BEZIRK
2026-09-06T14:55:21,R03,209650,,Crataegus monogyna (Weißdorn),BEZIRK
2026-09-06T14:55:21,R03,209654,,Robinia pseudoacacia (Scheinakazie),BEZIRK
2026-09-06T14:55:21,R03,209655,,Robinia pseudoacacia (Scheinakazie),BEZIRK
2026-09-06T14:55:21,R03,209658,,Robinia pseudoacacia (Scheinakazie),BEZIRK
2026-09-06T14:55:21,R03,209661,,Robinia pseudoacacia (Scheinakazie),BEZIRK
2026-09-06T14:55:21,R03,209663,,Robinia pseudoacacia (Scheinakazie),BEZIRK
2026-09-06T14:55:21,R03,209675,,Salix spec. (Weide),BEZIRK
2026-09-06T14:55:21,R03,209677,,Acer negundo (Eschenahorn),BEZIRK
2026-09-06T14:55:21,R03,209679,,Crataegus monogyna (Weißdorn),BEZIRK
2026-09-06T14:55:21,R03,209685,,Acer campestre (Feldahorn),BEZIRK
2026-09-06T14:55:21,R03,209691,,Malus spec. (Apfelbaum),BEZIRK
2026-09-06T14:55:21,R03,209695,,Ulmus spec. (Ulme),BEZIRK
2026-09-06T14:55:21,R03,209697,,Acer campestre (Feldahorn),BEZIRK
2026-09-06T14:55:21,R03,209701,,Acer negundo (Eschenahorn),BEZIRK
2026-09-06T14:55:21,R03,209702,,Acer negundo (Eschenahorn),BEZIRK
2026-09-06T14:55:21,R03,197543,,Populus nigra (Schwarzpappel),BEZIRK
2026-09-06T14:55:21,R03,197552,,Ulmus spec. (Ulme),BEZIRK
2026-09-06T14:55:21,R03,197553,,Populus alba (Silberpappel),BEZIRK
2026-09-06T14:55:21,R03,197555,,Populus alba (Silberpappel),BEZIRK
2026-09-06T14:55:21,R03,197558,,Salix caprea (Salweide),BEZIRK
2026-09-06T14:55:21,R03,197559,,Populus nigra (Schwarzpappel),BEZIRK
2026-09-06T14:55:21,R03,197560,,Populus nigra (Schwarzpappel),BEZIRK
2026-09-06T14:55:21,R03,197561,,Salix spec. (Weide),BEZIRK
2026-09-06T14:55:21,R03,197563,,Populus alba (Silberpappel),BEZIRK
2026-09-06T14:55:21,R03,197565,,Populus nigra (Schwarzpappel),BEZIRK
2026-09-06T14:55:21,R03,197567,,Populus nigra (Schwarzpappel),BEZIRK
2026-09-06T14:55:21,R03,197568,,Populus nigra (Schwarzpappel),BEZIRK
2026-09-06T14:55:21,R03,197569,,Populus nigra (Schwarzpappel),BEZIRK
2026-09-06T14:55:21,R03,197571,,Populus nigra (Schwarzpappel),BEZIRK
2026-09-06T14:55:21,R03,197572,,Populus nigra (Schwarzpappel),BEZIRK
2026-09-06T14:55:21,R03,197574,,Populus nigra (Schwarzpappel),BEZIRK
2026-09-06T14:55:21,R03,197573,,Populus nigra (Schwarzpappel),BEZIRK
2026-09-06T14:55:21,R03,197575,,Populus nigra (Schwarzpappel),BEZIRK
2026-09-06T14:55:21,R03,197577,,Populus alba (Silberpappel),BEZIRK
2026-09-06T14:55:21,R03,197579,,Populus nigra (Schwarzpappel),BEZIRK
2026-09-06T14:55:21,R03,197580,,Juglans regia (Walnussbaum),BEZIRK
2026-09-06T14:55:21,R03,197581,,Populus nigra (Schwarzpappel),BEZIRK
2026-09-06T14:55:21,R03,197582,,Salix alba (Silberweide),BEZIRK
2026-09-06T14:55:21,R03,197585,,Salix caprea (Salweide),BEZIRK
2026-09-06T14:55:21,R03,197587,,Populus nigra (Schwarzpappel),BEZIRK
2026-09-06T14:55:21,R03,197588,,Populus nigra (Schwarzpappel),BEZIRK
2026-09-06T14:55:21,R03,197589,,Populus nigra (Schwarzpappel),BEZIRK
2026-09-06T14:55:21,R03,197592,,Salix alba (Silberweide),BEZIRK
2026-09-06T14:55:21,R03,209716,,Acer platanoides (Spitzahorn),BEZIRK
2026-09-06T14:55:21,R03,209718,,Acer platanoides (Spitzahorn),BEZIRK
2026-09-06T14:55:21,R03,197595,,Salix caprea (Salweide),BEZIRK
2026-09-06T14:55:21,R03,197599,,Populus nigra (Schwarzpappel),BEZIRK
2026-09-06T14:55:21,R03,197598,,Populus nigra (Schwarzpappel),BEZIRK
2026-09-06T14:55:21,R03,197604,,Populus nigra (Schwarzpappel),BEZIRK
2026-09-06T14:55:21,R03,197605,,Populus nigra (Schwarzpappel),BEZIRK
2026-09-06T14:55:21,R03,197606,,Populus nigra (Schwarzpappel),BEZIRK
2026-09-06T14:55:21,R03,197610,,Populus nigra (Schwarzpappel),BEZIRK
2026-09-06T14:55:21,R03,197612,,Populus nigra (Schwarzpappel),BEZIRK
2026-09-06T14:55:21,R03,197617,,Populus nigra (Schwarzpappel),BEZIRK
2026-09-06T14:55:21,R03,197614,,Populus nigra (Schwarzpappel),BEZIRK
2026-09-06T14:55:21,R03,197629,,Acer negundo (Eschenahorn),BEZIRK
2026-09-06T14:55:21,R03,197631,,Acer negundo (Eschenahorn),BEZIRK
2026-09-06T14:55:21,R03,197632,,Acer negundo (Eschenahorn),BEZIRK
2026-09-06T14:55:21,R03,197634,,Populus nigra (Schwarzpappel),BEZIRK
2026-09-06T14:55:21,R03,197635,,Populus alba (Silberpappel),BEZIRK
2026-09-06T14:55:21,R03,197638,,Acer negundo (Eschenahorn),BEZIRK
2026-09-06T14:55:21,R03,197639,,Populus nigra (Schwarzpappel),BEZIRK
2026-09-06T14:55:21,R03,197640,,Populus nigra (Schwarzpappel),BEZIRK
2026-09-06T14:55:21,R03,197649,,Salix alba (Silberweide),BEZIRK
2026-09-06T14:55:21,R03,197659,,Acer negundo (Eschenahorn),BEZIRK
2026-09-06T14:55:21,R03,197660,,Populus nigra (Schwarzpappel),BEZIRK
2026-09-06T14:55:21,R03,197663,,Acer negundo (Eschenahorn),BEZIRK
2026-09-06T14:55:21,R03,197664,,Populus nigra (Schwarzpappel),BEZIRK
2026-09-06T14:55:21,R03,197667,,Acer negundo (Eschenahorn),BEZIRK
2026-09-06T14:55:21,R03,197670,,Acer negundo (Eschenahorn),BEZIRK
2026-09-06T14:55:21,R03,197673,,Populus nigra (Schwarzpappel),BEZIRK
2026-09-06T14:55:21,R03,197675,,Populus nigra (Schwarzpappel),BEZIRK
2026-09-06T14:55:21,R03,197678,,Populus nigra (Schwarzpappel),BEZIRK
2026-09-06T14:55:21,R03,197680,,Populus nigra (Schwarzpappel),BEZIRK
2026-09-06T14:55:21,R03,197681,,Populus nigra (Schwarzpappel),BEZIRK
2026-09-06T14:55:21,R03,197684,,Populus nigra (Schwarzpappel),BEZIRK
2026-09-06T14:55:21,R03,197682,,Populus nigra (Schwarzpappel),BEZIRK
2026-09-06T14:55:21,R03,197690,,Acer negundo (Eschenahorn),BEZIRK
2026-09-06T14:55:21,R03,197692,,Acer negundo (Eschenahorn),BEZIRK
2026-09-06T14:55:21,R03,197695,,Populus nigra (Schwarzpappel),BEZIRK
2026-09-06T14:55:21,R03,197697,,Acer negundo (Eschenahorn),BEZIRK
2026-09-06T14:55:21,R03,197698,,Acer negundo (Eschenahorn),BEZIRK
2026-09-06T14:55:21,R03,197699,,Populus nigra (Schwarzpappel),BEZIRK
2026-09-06T14:55:21,R03,197700,,Robinia pseudoacacia (Scheinakazie),BEZIRK
2026-09-06T14:55:21,R03,197702,,Ulmus spec. (Ulme),BEZIRK
2026-09-06T14:55:21,R03,197705,,Acer negundo (Eschenahorn),BEZIRK
2026-09-06T14:55:21,R03,209714,,Acer negundo (Eschenahorn),BEZIRK
2026-09-06T14:55:21,R03,209715,,Fraxinus spec. (Esche),BEZIRK
2026-09-06T14:55:21,R03,197709,,Acer negundo (Eschenahorn),BEZIRK
2026-09-06T14:55:21,R03,197710,,Acer negundo (Eschenahorn),BEZIRK
2026-09-06T14:55:21,R03,209712,,Acer negundo (Eschenahorn),BEZIRK
2026-09-06T14:55:21,R03,209713,,Acer negundo (Eschenahorn),BEZIRK
2026-09-06T14:55:21,R03,197711,,Acer negundo (Eschenahorn),BEZIRK
2026-09-06T14:55:21,R03,209708,,Acer negundo (Eschenahorn),BEZIRK
2026-09-06T14:55:21,R03,209709,,Acer negundo (Eschenahorn),BEZIRK
2026-09-06T14:55:21,R03,209710,,Acer negundo (Eschenahorn),BEZIRK
2026-09-06T14:55:21,R03,209711,,Acer negundo (Eschenahorn),BEZIRK
2026-09-06T14:55:21,R03,197712,,Acer negundo (Eschenahorn),BEZIRK
2026-09-06T14:55:21,R03,209703,,Acer negundo (Eschenahorn),BEZIRK
2026-09-06T14:55:21,R03,209704,,Acer negundo (Eschenahorn),BEZIRK
2026-09-06T14:55:21,R03,209705,,Acer negundo (Eschenahorn),BEZIRK
2026-09-06T14:55:21,R03,209706,,Acer negundo (Eschenahorn),BEZIRK
2026-09-06T14:55:21,R03,209707,,Acer negundo (Eschenahorn),BEZIRK
2026-09-06T14:55:21,R03,197713,,Acer negundo (Eschenahorn),BEZIRK
2026-09-06T14:55:21,R03,209698,,Acer campestre (Feldahorn),BEZIRK
2026-09-06T14:55:21,R03,209693,,Crataegus monogyna (Weißdorn),BEZIRK
2026-09-06T14:55:21,R03,209694,,Ulmus spec. (Ulme),BEZIRK
2026-09-06T14:55:21,R03,197715,,Acer negundo (Eschenahorn),BEZIRK
2026-09-06T14:55:21,R03,197717,,Acer negundo (Eschenahorn),BEZIRK
2026-09-06T14:55:21,R03,209686,,Acer negundo (Eschenahorn),BEZIRK
2026-09-06T14:55:21,R03,209687,,Malus spec. (Apfelbaum),BEZIRK
2026-09-06T14:55:21,R03,209688,,Acer negundo (Eschenahorn),BEZIRK
2026-09-06T14:55:21,R03,209689,,Ulmus spec. (Ulme),BEZIRK
2026-09-06T14:55:21,R03,209680,,Acer campestre (Feldahorn),BEZIRK
2026-09-06T14:55:21,R03,209681,,Acer campestre (Feldahorn),BEZIRK
2026-09-06T14:55:21,R03,209682,,Acer campestre (Feldahorn),BEZIRK
2026-09-06T14:55:21,R03,209683,,Crataegus monogyna (Weißdorn),BEZIRK
2026-09-06T14:55:21,R03,197720,,Acer negundo (Eschenahorn),BEZIRK
2026-09-06T14:55:21,R03,197721,,Acer negundo (Eschenahorn),BEZIRK
2026-09-06T14:55:21,R03,197722,,Acer negundo (Eschenahorn),BEZIRK
2026-09-06T14:55:21,R03,209642,,Ulmus spec. (Ulme),BEZIRK
2026-09-06T14:55:21,R03,209651,,Acer negundo (Eschenahorn),BEZIRK
2026-09-06T14:55:21,R03,209653,,Robinia pseudoacacia (Scheinakazie),BEZIRK
2026-09-06T14:55:21,R03,209656,,Robinia pseudoacacia (Scheinakazie),BEZIRK
2026-09-06T14:55:21,R03,209657,,Robinia pseudoacacia (Scheinakazie),BEZIRK
2026-09-06T14:55:21,R03,209660,,Robinia pseudoacacia (Scheinakazie),BEZIRK
2026-09-06T14:55:21,R03,209659,,Robinia pseudoacacia (Scheinakazie),BEZIRK
2026-09-06T14:55:21,R03,209662,,Robinia pseudoacacia (Scheinakazie),BEZIRK
2026-09-06T14:55:21,R03,209664,,Robinia pseudoacacia (Scheinakazie),BEZIRK
2026-09-06T14:55:21,R03,209665,,Robinia pseudoacacia (Scheinakazie),BEZIRK
2026-09-06T14:55:21,R03,209667,,Robinia pseudoacacia (Scheinakazie),BEZIRK
2026-09-06T14:55:21,R03,209666,,Robinia pseudoacacia (Scheinakazie),BEZIRK
2026-09-06T14:55:21,R03,209668,,Robinia pseudoacacia (Scheinakazie),BEZIRK
2026-09-06T14:55:21,R03,209669,,Robinia pseudoacacia (Scheinakazie),BEZIRK
2026-09-06T14:55:21,R03,209670,,Robinia pseudoacacia (Scheinakazie),BEZIRK
2026-09-06T14:55:21,R03,209671,,Robinia pseudoacacia (Scheinakazie),BEZIRK
2026-09-06T14:55:21,R03,209672,,Robinia pseudoacacia (Scheinakazie),BEZIRK
2026-09-06T14:55:21,R03,209674,,Acer negundo (Eschenahorn),BEZIRK
2026-09-06T14:55:21,R03,209676,,Salix spec. (Weide),BEZIRK
2026-09-06T14:55:21,R03,209678,,Cornus spec. (Hartriegel),BEZIRK
2026-09-06T14:55:21,R03,197270,,Robinia pseudoacacia (Scheinakazie),BEZIRK
2026-09-06T14:55:21,R03,197276,,Populus nigra (Schwarzpappel),BEZIRK
2026-09-06T14:55:21,R13,403502,12.0,nicht bekannt,GATTUNG_ART
2026-09-06T14:55:21,R13,403504,12.0,nicht bekannt,GATTUNG_ART
2026-09-06T14:55:21,R13,410065,22.0,nicht bekannt,GATTUNG_ART
2026-09-06T14:55:21,R13,400254,13.0,unbekannt,GATTUNG_ART
2026-09-06T14:55:21,R13,399290,13.0,nicht bekannt,GATTUNG_ART
2026-09-06T14:55:21,R13,399291,13.0,nicht bekannt,GATTUNG_ART
2026-09-06T14:55:21,R13,399292,13.0,nicht bekannt,GATTUNG_ART
2026-09-06T14:55:21,R13,399293,13.0,nicht bekannt,GATTUNG_ART
2026-09-06T14:55:21,R13,399295,13.0,nicht bekannt,GATTUNG_ART
2026-09-06T14:55:21,R13,339140,10.0,nicht bekannt,GATTUNG_ART
2026-09-06T14:55:21,R13,409595,10.0,Laubbaum,GATTUNG_ART
2026-09-06T14:55:21,R13,409597,10.0,Laubbaum,GATTUNG_ART
2026-09-06T14:55:21,R13,383869,14.0,Laubbaum,GATTUNG_ART
2026-09-06T14:55:21,R13,407466,15.0,nicht bekannt,GATTUNG_ART
2026-09-06T14:55:21,R13,412234,6.0,nicht bekannt,GATTUNG_ART
2026-09-06T14:55:21,R13,412235,6.0,nicht bekannt,GATTUNG_ART
2026-09-06T14:55:21,R13,412233,6.0,nicht bekannt,GATTUNG_ART
2026-09-06T14:55:21,R13,342594,18.0,Laubbaum,GATTUNG_ART
2026-09-06T14:55:21,R13,393338,21.0,unbekannt,GATTUNG_ART
2026-09-06T14:55:21,R13,390873,22.0,nicht bekannt,GATTUNG_ART
2026-09-06T14:55:21,R13,410396,22.0,Zanthoxylum simulans (Täuschende Stachelesche,GATTUNG_ART
2026-09-06T14:55:21,R13,383161,22.0,nicht bekannt,GATTUNG_ART
2026-09-06T14:55:21,R13,286237,20.0,Baumgruppe,GATTUNG_ART
2026-09-06T14:55:21,R13,198752,19.0,unbekannt,GATTUNG_ART
2026-09-06T14:55:21,R13,46404,2.0,Baumgruppe,GATTUNG_ART
2026-09-06T14:55:21,R13,46853,2.0,Obstbaum,GATTUNG_ART
2026-09-06T14:55:21,R13,399287,13.0,nicht bekannt,GATTUNG_ART
2026-09-06T14:55:21,R13,399289,13.0,nicht bekannt,GATTUNG_ART
2026-09-06T14:55:21,R13,399294,13.0,nicht bekannt,GATTUNG_ART
2026-09-06T14:55:21,R13,409429,19.0,nicht bekannt,GATTUNG_ART
2026-09-06T14:55:21,R13,393131,21.0,nicht bekannt,GATTUNG_ART
2026-09-06T14:55:21,R13,411483,22.0,unbekannt,GATTUNG_ART
2026-09-06T14:55:21,R13,400265,13.0,nicht bekannt,GATTUNG_ART
2026-09-06T14:55:21,R13,409743,5.0,nicht bekannt,GATTUNG_ART
2026-09-06T14:55:21,R13,400267,13.0,nicht bekannt,GATTUNG_ART
2026-09-06T14:55:21,R13,399288,13.0,nicht bekannt,GATTUNG_ART
2026-09-06T14:55:21,R13,342005,2.0,Zanthoxylum simulans (Täuschende Stachelesche,GATTUNG_ART
2026-09-06T14:55:21,R13,390872,22.0,nicht bekannt,GATTUNG_ART
2026-09-06T14:55:21,R13,390874,22.0,nicht bekannt,GATTUNG_ART
2026-09-06T14:55:21,R13,390875,22.0,nicht bekannt,GATTUNG_ART
2026-09-06T14:55:21,R13,169129,10.0,Obstbaum,GATTUNG_ART
2026-09-06T14:55:21,R13,399622,10.0,Baumgruppe,GATTUNG_ART
2026-09-06T14:55:21,R09a,381137,,Malus spec. (Apfelbaum),SHAPE
2026-09-06T14:55:21,R09a,381162,,Pinus nigra nigra (Österreichische Schwarzkiefer),SHAPE
2026-09-06T14:55:21,R09a,381170,,Picea pungens 'Glauca' (Blaufichte),SHAPE
2026-09-06T14:55:21,R09a,381151,,Malus spec. (Apfelbaum),SHAPE
2026-09-06T14:55:21,R09a,381133,,Malus spec. (Apfelbaum),SHAPE
2026-09-06T14:55:21,R09a,381135,,Malus spec. (Apfelbaum),SHAPE
2026-09-06T14:55:21,R09a,381138,,Malus spec. (Apfelbaum),SHAPE
2026-09-06T14:55:21,R09a,381140,,Malus spec. (Apfelbaum),SHAPE
2026-09-06T14:55:21,R09a,381145,,Malus spec. (Apfelbaum),SHAPE
2026-09-06T14:55:21,R09a,381159,,Prunus spec. (Kirsche),SHAPE
2026-09-06T14:55:21,R09a,382284,,Picea abies (Gemeine Fichte),SHAPE
2026-09-06T14:55:21,R09a,381171,,Tilia spec. (Linde),SHAPE
2026-09-06T14:55:21,R09a,381173,,Malus spec. (Apfelbaum),SHAPE
2026-09-06T14:55:21,R09a,381174,,Tilia spec. (Linde),SHAPE
2026-09-06T14:55:21,R09a,381175,,Acer platanoides (Spitzahorn),SHAPE
2026-09-06T14:55:21,R09a,381163,,Pinus nigra nigra (Österreichische Schwarzkiefer),SHAPE
2026-09-06T14:55:21,R09a,381165,,Betula pendula (Weißbirke),SHAPE
2026-09-06T14:55:21,R09a,381166,,Betula pendula (Weißbirke),SHAPE
2026-09-06T14:55:21,R09a,381168,,Corylus colurna (Baumhasel),SHAPE
2026-09-06T14:55:21,R09a,381177,,Castanea sativa (Edelkastanie),SHAPE
2026-09-06T14:55:21,R09a,381131,,Malus spec. (Apfelbaum),SHAPE
2026-09-06T14:55:21,R09a,381144,,Malus spec. (Apfelbaum),SHAPE
2026-09-06T14:55:21,R09a,381154,,Malus spec. (Apfelbaum),SHAPE
2026-09-06T14:55:21,R09a,381160,,Picea abies (Gemeine Fichte),SHAPE
2026-09-06T14:55:21,R09a,382281,,Picea abies (Gemeine Fichte),SHAPE
2026-09-06T14:55:21,R09a,382283,,Picea abies (Gemeine Fichte),SHAPE
2026-09-06T14:55:21,R09a,381132,,Malus spec. (Apfelbaum),SHAPE
2026-09-06T14:55:21,R09a,381134,,Malus spec. (Apfelbaum),SHAPE
2026-09-06T14:55:21,R09a,381136,,Malus spec. (Apfelbaum),SHAPE
2026-09-06T14:55:21,R09a,381139,,Malus spec. (Apfelbaum),SHAPE
2026-09-06T14:55:21,R09a,381141,,Malus spec. (Apfelbaum),SHAPE
2026-09-06T14:55:21,R09a,381142,,Malus spec. (Apfelbaum),SHAPE
2026-09-06T14:55:21,R09a,381152,,Malus spec. (Apfelbaum),SHAPE
2026-09-06T14:55:21,R09a,381153,,Malus spec. (Apfelbaum),SHAPE
2026-09-06T14:55:21,R09a,381155,,Malus spec. (Apfelbaum),SHAPE
2026-09-06T14:55:21,R09a,381156,,Malus spec. (Apfelbaum),SHAPE
2026-09-06T14:55:21,R09a,381157,,Malus spec. (Apfelbaum),SHAPE
2026-09-06T14:55:21,R09a,381158,,Malus spec. (Apfelbaum),SHAPE
2026-09-06T14:55:21,R09a,381161,,Picea abies (Gemeine Fichte),SHAPE
2026-09-06T14:55:21,R09a,381164,,Picea abies (Gemeine Fichte),SHAPE
2026-09-06T14:55:21,R09a,381167,,Betula pendula (Weißbirke),SHAPE
2026-09-06T14:55:21,R09a,381172,,Prunus spec. (Kirsche),SHAPE
2026-09-06T14:55:21,R09a,381169,,Castanea sativa (Edelkastanie),SHAPE
2026-09-06T14:55:21,R09a,382279,,Picea abies (Gemeine Fichte),SHAPE
2026-09-06T14:55:21,R09a,382280,,Picea abies (Gemeine Fichte),SHAPE
2026-09-06T14:55:21,R09a,382282,,Picea abies (Gemeine Fichte),SHAPE
2026-09-06T14:55:21,R09a,381143,,Malus spec. (Apfelbaum),SHAPE
2026-09-06T14:55:21,R09a,381146,,Malus spec. (Apfelbaum),SHAPE
2026-09-06T14:55:21,R09a,381147,,Malus spec. (Apfelbaum),SHAPE
2026-09-06T14:55:21,R09a,381148,,Malus spec. (Apfelbaum),SHAPE
2026-09-06T14:55:21,R09a,381149,,Malus spec. (Apfelbaum),SHAPE
2026-09-06T14:55:21,R09a,381150,,Malus spec. (Apfelbaum),SHAPE
2026-09-06T14:55:21,R09a,382278,,Picea abies (Gemeine Fichte),SHAPE
2026-09-06T14:55:21,R09a,381176,,Quercus spec. (Eiche),SHAPE
2026-09-06T14:55:21,R12,370602,3.0,Aesculus hippocastanum (Rosskastanie),BAUMNUMMER
2026-09-06T14:55:21,R12,388889,3.0,Aesculus x carnea (Rotblühende Kastanie),BAUMNUMMER
2026-09-06T14:55:21,R12,101551,11.0,Aesculus hippocastanum 'Baumannii' (Gefülltblühende Kastanie),BAUMNUMMER
2026-09-06T14:55:21,R12,101552,11.0,Aesculus hippocastanum 'Baumannii' (Gefülltblühende Kastanie),BAUMNUMMER
2026-09-06T14:55:21,R12,257470,22.0,Populus alba (Silberpappel),BAUMNUMMER
2026-09-06T14:55:21,R12,266982,23.0,Acer campestre (Feldahorn),BAUMNUMMER
2026-09-06T14:55:21,R12,348958,17.0,Pyrus calleryana 'Chanticleer' (Zierbirne),BAUMNUMMER
2026-09-06T14:55:21,R12,351345,22.0,Pyrus calleryana 'Chanticleer' (Zierbirne),BAUMNUMMER
2026-09-06T14:55:21,R12,101525,11.0,Aesculus hippocastanum (Rosskastanie),BAUMNUMMER
2026-09-06T14:55:21,R12,342143,11.0,Aesculus hippocastanum 'Baumannii' (Gefülltblühende Kastanie),BAUMNUMMER
2026-09-06T14:55:21,R12,12594,16.0,Magnolia stellata (Sternmagnolie),BAUMNUMMER
2026-09-06T14:55:21,R12,107216,12.0,Corylus colurna (Baumhasel),BAUMNUMMER
2026-09-06T14:55:21,R12,384416,17.0,Pyrus calleryana 'Chanticleer' (Zierbirne),BAUMNUMMER
2026-09-06T14:55:21,R12,397706,22.0,Cornus mas (Dirndlstrauch),BAUMNUMMER
2026-09-06T14:55:21,R12,243996,17.0,Ginkgo biloba (Fächerblattbaum),BAUMNUMMER
2026-09-06T14:55:21,R12,243997,17.0,Ginkgo biloba (Fächerblattbaum),BAUMNUMMER
2026-09-06T14:55:21,R12,397707,22.0,Taxus baccata (Heimische Eibe),BAUMNUMMER
2026-09-06T14:55:21,R12,287393,22.0,Acer negundo (Eschenahorn),BAUMNUMMER
2026-09-06T14:55:21,R12,265454,23.0,Fraxinus excelsior (Gemeine Esche),BAUMNUMMER
2026-09-06T14:55:21,R12,303037,22.0,Acer platanoides 'Cleveland' (Kegelspitzahorn),BAUMNUMMER
2026-09-06T14:55:21,R12,280019,18.0,Prunus cerasifera (Kirschpflaume),BAUMNUMMER
2026-09-06T14:55:21,R12,28223,20.0,Acer platanoides (Spitzahorn),BAUMNUMMER
2026-09-06T14:55:21,R12,169519,18.0,Acer pseudoplatanus (Bergahorn),BAUMNUMMER
2026-09-06T14:55:21,R12,270687,10.0,Carpinus betulus (Hainbuche),BAUMNUMMER
2026-09-06T14:55:21,R12,141197,18.0,Acer negundo (Eschenahorn),BAUMNUMMER
2026-09-06T14:55:21,R12,271009,10.0,Prunus cerasifera 'Nigra' (Blutpflaume),BAUMNUMMER
2026-09-06T14:55:21,R12,271001,10.0,Salix alba 'Tristis' (Trauerweide),BAUMNUMMER
2026-09-06T14:55:21,R12,271006,10.0,Salix alba 'Tristis' (Trauerweide),BAUMNUMMER
2026-09-06T14:55:21,R12,270707,10.0,Fraxinus excelsior (Gemeine Esche),BAUMNUMMER
2026-09-06T14:55:21,R12,167075,18.0,Carpinus betulus (Hainbuche),BAUMNUMMER
2026-09-06T14:55:21,R12,180367,18.0,Acer campestre (Feldahorn),BAUMNUMMER
2026-09-06T14:55:21,R12,319505,18.0,Tilia cordata 'Rancho' (Kleinblättrige Winterlinde),BAUMNUMMER
2026-09-06T14:55:21,R12,331050,18.0,Tilia tomentosa 'Brabant' (Silberlinde),BAUMNUMMER
2026-09-06T14:55:21,R12,169510,18.0,Fraxinus excelsior (Gemeine Esche),BAUMNUMMER
2026-09-06T14:55:21,R12,169511,18.0,Fraxinus excelsior (Gemeine Esche),BAUMNUMMER
2026-09-06T14:55:21,R12,248843,22.0,Prunus cerasifera 'Nigra' (Blutpflaume),BAUMNUMMER
2026-09-06T14:55:21,R12,263953,10.0,Populus nigra 'Italica' (Pyramidenpappel),BAUMNUMMER
2026-09-06T14:55:21,R12,313226,10.0,Zelkova serrata 'Green Vase' (Kugelzelkova),BAUMNUMMER
2026-09-06T14:55:21,R12,313227,10.0,Zelkova serrata 'Green Vase' (Kugelzelkova),BAUMNUMMER
2026-09-06T14:55:21,R12,262092,20.0,Platanus x acerifolia 'Tremonia' (Schmalkronige Platane),BAUMNUMMER
2026-09-06T14:55:21,R12,319460,20.0,Platanus x acerifolia (Ahornblättrige Platane),BAUMNUMMER
2026-09-06T14:55:21,R12,389547,10.0,Koelreuteria paniculata 'Fastigiata' (Säulenblasenbaum),BAUMNUMMER
2026-09-06T14:55:21,R12,389548,10.0,Koelreuteria paniculata 'Fastigiata' (Säulenblasenbaum),BAUMNUMMER
2026-09-06T14:55:21,R12,389550,10.0,Carpinus betulus 'Fastigiata' (Säulenhainbuche),BAUMNUMMER
2026-09-06T14:55:21,R12,389553,10.0,Koelreuteria paniculata 'Fastigiata' (Säulenblasenbaum),BAUMNUMMER
2026-09-06T14:55:21,R12,189271,17.0,Acer platanoides 'Eurostar' (Spitzahorn),BAUMNUMMER
2026-09-06T14:55:21,R12,399686,10.0,Acer negundo (Eschenahorn),BAUMNUMMER
2026-09-06T14:55:21,R12,142634,22.0,Populus nigra (Schwarzpappel),BAUMNUMMER
2026-09-06T14:55:21,R12,142635,22.0,Populus nigra (Schwarzpappel),BAUMNUMMER
2026-09-06T14:55:21,R12,168287,10.0,Picea pungens 'Glauca' (Blaufichte),BAUMNUMMER
2026-09-06T14:55:21,R12,369556,19.0,Ostrya carpinifolia (Hopfenbuche),BAUMNUMMER
2026-09-06T14:55:21,R12,209288,10.0,Corylus colurna 'Granat' (Rotblättrige Baumhasel),BAUMNUMMER
2026-09-06T14:55:21,R12,257500,10.0,Acer negundo (Eschenahorn),BAUMNUMMER
2026-09-06T14:55:21,R12,403886,13.0,Ulmus minor (Feldulme),BAUMNUMMER
2026-09-06T14:55:21,R12,283664,10.0,Ficus carica (Feigenbaum),BAUMNUMMER
2026-09-06T14:55:21,R12,283665,10.0,Prunus cerasifera (Kirschpflaume),BAUMNUMMER
2026-09-06T14:55:21,R12,403887,13.0,Acer platanoides (Spitzahorn),BAUMNUMMER
2026-09-06T14:55:21,R12,315116,10.0,Acer platanoides (Spitzahorn),BAUMNUMMER
2026-09-06T14:55:21,R12,315119,10.0,Aesculus x carnea (Rotblühende Kastanie),BAUMNUMMER
2026-09-06T14:55:21,R12,315120,10.0,Fraxinus spec. (Esche),BAUMNUMMER
2026-09-06T14:55:21,R12,239741,10.0,Acer campestre (Feldahorn),BAUMNUMMER
2026-09-06T14:55:21,R12,358288,10.0,Aesculus hippocastanum (Rosskastanie),BAUMNUMMER
2026-09-06T14:55:21,R12,315123,10.0,Acer platanoides (Spitzahorn),BAUMNUMMER
2026-09-06T14:55:21,R12,315124,10.0,Tilia spec. (Linde),BAUMNUMMER
2026-09-06T14:55:21,R12,315125,10.0,Tilia spec. (Linde),BAUMNUMMER
2026-09-06T14:55:21,R12,315126,10.0,Tilia spec. (Linde),BAUMNUMMER
2026-09-06T14:55:21,R12,377292,10.0,Prunus serrulata 'Amanogawa' (Säulenkirsche),BAUMNUMMER
2026-09-06T14:55:21,R12,257501,10.0,Chamaecyparis lawsoniana (Scheinzypresse),BAUMNUMMER
2026-09-06T14:55:21,R12,315127,10.0,Prunus spec. (Kirsche),BAUMNUMMER
2026-09-06T14:55:21,R12,389555,10.0,Prunus serrulata 'Kanzan' (Japanische Blütenkirsche),BAUMNUMMER
2026-09-06T14:55:21,R12,389557,10.0,Koelreuteria paniculata 'Fastigiata' (Säulenblasenbaum),BAUMNUMMER
2026-09-06T14:55:21,R12,389559,10.0,Prunus serrulata 'Kanzan' (Japanische Blütenkirsche),BAUMNUMMER
2026-09-06T14:55:21,R12,366934,10.0,Ostrya carpinifolia (Hopfenbuche),BAUMNUMMER
2026-09-06T14:55:21,R12,366945,10.0,Ostrya carpinifolia (Hopfenbuche),BAUMNUMMER
2026-09-06T14:55:21,R12,366946,10.0,Ostrya carpinifolia (Hopfenbuche),BAUMNUMMER
2026-09-06T14:55:21,R12,389568,10.0,Tilia spec. (Linde),BAUMNUMMER
2026-09-06T14:55:21,R12,260532,13.0,Quercus cerris (Zerreiche),BAUMNUMMER
2026-09-06T14:55:21,R12,307182,23.0,Quercus cerris (Zerreiche),BAUMNUMMER
2026-09-06T14:55:21,R12,319482,23.0,Morus alba (Weißer Maulbeerbaum),BAUMNUMMER
2026-09-06T14:55:21,R12,319483,23.0,Morus nigra (Schwarzer Maulbeerbaum),BAUMNUMMER
2026-09-06T14:55:21,R12,377291,10.0,Prunus avium (Vogelkirsche),BAUMNUMMER
2026-09-06T14:55:21,R12,377294,10.0,Celtis australis (Südlicher Zürgelbaum),BAUMNUMMER
2026-09-06T14:55:21,R12,377300,10.0,Celtis australis (Südlicher Zürgelbaum),BAUMNUMMER
2026-09-06T14:55:21,R12,273119,23.0,Acer campestre (Feldahorn),BAUMNUMMER
2026-09-06T14:55:21,R12,292123,23.0,Populus spec. (Pappel),BAUMNUMMER
2026-09-06T14:55:21,R12,292124,23.0,Acer campestre (Feldahorn),BAUMNUMMER
2026-09-06T14:55:21,R12,307183,23.0,Morus alba (Weißer Maulbeerbaum),BAUMNUMMER
2026-09-06T14:55:21,R12,358436,2.0,Fraxinus excelsior (Gemeine Esche),BAUMNUMMER
2026-09-06T14:55:21,R12,358294,10.0,Prunus cerasifera (Kirschpflaume),BAUMNUMMER
2026-09-06T14:55:21,R12,168325,10.0,Celtis australis (Südlicher Zürgelbaum),BAUMNUMMER
2026-09-06T14:55:21,R12,177870,10.0,Pyrus calleryana 'Chanticleer' (Zierbirne),BAUMNUMMER
2026-09-06T14:55:21,R12,389546,10.0,Liriodendron tulipifera 'Fastigiatum' (Säulentulpenbaum),BAUMNUMMER
2026-09-06T14:55:21,R12,154289,10.0,Prunus cerasifera (Kirschpflaume),BAUMNUMMER
2026-09-06T14:55:21,R12,239743,10.0,Acer platanoides 'Columnare' (Säulenahorn),BAUMNUMMER
2026-09-06T14:55:21,R12,239744,10.0,Acer platanoides 'Columnare' (Säulenahorn),BAUMNUMMER
2026-09-06T14:55:21,R12,239745,10.0,Tilia cordata 'Erecta' (Säulenlinde),BAUMNUMMER
2026-09-06T14:55:21,R12,283656,10.0,Pyrus calleryana 'Chanticleer' (Zierbirne),BAUMNUMMER
2026-09-06T14:55:21,R12,167687,22.0,Acer pseudoplatanus (Bergahorn),BAUMNUMMER
2026-09-06T14:55:21,R12,239755,10.0,Sambucus nigra (Schwarzer Holunder),BAUMNUMMER
2026-09-06T14:55:21,R12,239756,10.0,Sambucus nigra (Schwarzer Holunder),BAUMNUMMER
2026-09-06T14:55:21,R12,239757,10.0,Sambucus nigra (Schwarzer Holunder),BAUMNUMMER
2026-09-06T14:55:21,R12,169503,18.0,Fraxinus excelsior (Gemeine Esche),BAUMNUMMER
2026-09-06T14:55:21,R12,177872,10.0,Pyrus calleryana 'Chanticleer' (Zierbirne),BAUMNUMMER
2026-09-06T14:55:21,R12,358667,16.0,Pyrus calleryana 'Chanticleer' (Zierbirne),BAUMNUMMER
2026-09-06T14:55:21,R12,255623,16.0,Tilia cordata (Winterlinde),BAUMNUMMER
2026-09-06T14:55:21,R12,330682,10.0,Malus spec. (Apfelbaum),BAUMNUMMER
2026-09-06T14:55:21,R12,88392,12.0,Fraxinus ornus (Blumenesche),BAUMNUMMER
2026-09-06T14:55:21,R12,239685,10.0,Acer platanoides (Spitzahorn),BAUMNUMMER
2026-09-06T14:55:21,R12,239686,10.0,Paulownia tomentosa (Blauglockenbaum),BAUMNUMMER
2026-09-06T14:55:21,R12,399684,10.0,Robinia pseudoacacia (Scheinakazie),BAUMNUMMER
2026-09-06T14:55:21,R12,389542,10.0,Sorbus aucuparia 'Fastigiata' (Säuleneberesche),BAUMNUMMER
2026-09-06T14:55:21,R12,359955,17.0,Pinus nigra nigra (Österreichische Schwarzkiefer),BAUMNUMMER
2026-09-06T14:55:21,R12,358927,17.0,Celtis occidentalis (Westlicher Zürgelbaum),BAUMNUMMER
2026-09-06T14:55:21,R12,387852,17.0,Ulmus 'Sapporo Autumn Gold' (Sapporo-Ulme),BAUMNUMMER
2026-09-06T14:55:21,R12,388476,4.0,Hibiscus syriacus (Eibisch),BAUMNUMMER
2026-09-06T14:55:21,R12,257511,10.0,Prunus cerasifera (Kirschpflaume),BAUMNUMMER
2026-09-06T14:55:21,R12,375319,4.0,Amelanchier alnifolia 'Obelisk' (Säulen-Felsenbirne),BAUMNUMMER
2026-09-06T14:55:21,R12,389556,10.0,Carpinus betulus 'Fastigiata' (Säulenhainbuche),BAUMNUMMER
2026-09-06T14:55:21,R12,330698,10.0,Koelreuteria paniculata 'Fastigiata' (Säulenblasenbaum),BAUMNUMMER
2026-09-06T14:55:21,R12,330700,10.0,Koelreuteria paniculata 'Fastigiata' (Säulenblasenbaum),BAUMNUMMER
2026-09-06T14:55:21,R12,330702,10.0,Koelreuteria paniculata 'Fastigiata' (Säulenblasenbaum),BAUMNUMMER
2026-09-06T14:55:21,R12,389558,10.0,Prunus serrulata 'Kanzan' (Japanische Blütenkirsche),BAUMNUMMER
2026-09-06T14:55:21,R12,362180,19.0,Acer pseudoplatanus (Bergahorn),BAUMNUMMER
2026-09-06T14:55:21,R12,133742,10.0,Acer platanoides (Spitzahorn),BAUMNUMMER
2026-09-06T14:55:21,R12,282332,13.0,Quercus pubescens (Flaumeiche),BAUMNUMMER
2026-09-06T14:55:21,R12,282355,13.0,Quercus cerris (Zerreiche),BAUMNUMMER
2026-09-06T14:55:21,R12,168339,10.0,Acer platanoides (Spitzahorn),BAUMNUMMER
2026-09-06T14:55:21,R12,282364,13.0,Quercus pubescens (Flaumeiche),BAUMNUMMER
2026-09-06T14:55:21,R12,282650,13.0,Carpinus betulus (Hainbuche),BAUMNUMMER
2026-09-06T14:55:21,R12,381706,17.0,Fraxinus pennsylvanica 'Cimmaron' (Rotesche),BAUMNUMMER
2026-09-06T14:55:21,R12,177881,10.0,Aesculus hippocastanum (Rosskastanie),BAUMNUMMER
2026-09-06T14:55:21,R12,388516,4.0,Liriodendron tulipifera (Tulpenbaum),BAUMNUMMER
2026-09-06T14:55:21,R12,303216,10.0,Prunus cerasifera 'Nigra' (Blutpflaume),BAUMNUMMER
2026-09-06T14:55:21,R12,257513,10.0,Prunus cerasifera (Kirschpflaume),BAUMNUMMER
2026-09-06T14:55:21,R12,154293,10.0,Corylus colurna (Baumhasel),BAUMNUMMER
2026-09-06T14:55:21,R12,133676,10.0,Fraxinus excelsior 'Altena' (Gemeine Esche),BAUMNUMMER
2026-09-06T14:55:21,R12,376090,17.0,Sambucus nigra (Schwarzer Holunder),BAUMNUMMER
2026-09-06T14:55:21,R12,376068,17.0,Sambucus nigra (Schwarzer Holunder),BAUMNUMMER
2026-09-06T14:55:21,R12,328140,10.0,Ilex aquifolium (Stechpalme),BAUMNUMMER
2026-09-06T14:55:21,R12,133734,10.0,Chamaecyparis lawsoniana (Scheinzypresse),BAUMNUMMER
2026-09-06T14:55:21,R12,234623,21.0,Robinia pseudoacacia (Scheinakazie),BAUMNUMMER
2026-09-06T14:55:21,R12,234637,21.0,Acer pseudoplatanus (Bergahorn),BAUMNUMMER
2026-09-06T14:55:21,R12,376052,17.0,Platanus x acerifolia (Ahornblättrige Platane),BAUMNUMMER
2026-09-06T14:55:21,R12,283667,10.0,Prunus cerasifera 'Nigra' (Blutpflaume),BAUMNUMMER
2026-09-06T14:55:21,R12,176700,12.0,Pyrus calleryana 'Chanticleer' (Zierbirne),BAUMNUMMER
2026-09-06T14:55:21,R12,274192,10.0,Acer pseudoplatanus (Bergahorn),BAUMNUMMER
2026-09-06T14:55:21,R12,301249,17.0,Liquidambar styraciflua (Amberbaum),BAUMNUMMER
2026-09-06T14:55:21,R12,189773,21.0,Prunus cerasifera (Kirschpflaume),BAUMNUMMER
2026-09-06T14:55:21,R12,377298,10.0,Ginkgo biloba (Fächerblattbaum),BAUMNUMMER
2026-09-06T14:55:21,R12,377299,10.0,Prunus spec. (Kirsche),BAUMNUMMER
2026-09-06T14:55:21,R12,389567,10.0,Prunus cerasifera 'Nigra' (Blutpflaume),BAUMNUMMER
2026-09-06T14:55:21,R12,283674,10.0,Prunus spec. (Kirsche),BAUMNUMMER
2026-09-06T14:55:21,R12,283675,10.0,Prunus spec. (Kirsche),BAUMNUMMER
2026-09-06T14:55:21,R12,283676,10.0,Prunus cerasifera 'Nigra' (Blutpflaume),BAUMNUMMER
2026-09-06T14:55:21,R12,395878,17.0,Prunus cerasifera (Kirschpflaume),BAUMNUMMER
2026-09-06T14:55:21,R12,358940,22.0,Betula pendula (Weißbirke),BAUMNUMMER
2026-09-06T14:55:21,R12,209870,18.0,Tilia cordata 'Rancho' (Kleinblättrige Winterlinde),BAUMNUMMER
2026-09-06T14:55:21,R12,195251,18.0,Tilia cordata 'Rancho' (Kleinblättrige Winterlinde),BAUMNUMMER
2026-09-06T14:55:21,R12,258344,17.0,Ginkgo biloba (Fächerblattbaum),BAUMNUMMER
2026-09-06T14:55:21,R12,356832,18.0,Tilia tomentosa 'Brabant' (Silberlinde),BAUMNUMMER
2026-09-06T14:55:21,R12,377301,10.0,Celtis australis (Südlicher Zürgelbaum),BAUMNUMMER
2026-09-06T14:55:21,R12,258341,17.0,Malus spec. (Apfelbaum),BAUMNUMMER
2026-09-06T14:55:21,R12,187765,11.0,Fraxinus ornus 'Obelisk' (Säulenblumenesche),BAUMNUMMER
2026-09-06T14:55:21,R12,368493,18.0,Tilia tomentosa 'Brabant' (Silberlinde),BAUMNUMMER
2026-09-06T14:55:21,R12,243675,18.0,Tilia cordata 'Rancho' (Kleinblättrige Winterlinde),BAUMNUMMER
2026-09-06T14:55:21,R12,280354,17.0,Celtis australis (Südlicher Zürgelbaum),BAUMNUMMER
2026-09-06T14:55:21,R12,367002,17.0,Gleditsia triacanthos 'Skyline' (Säulengleditschie),BAUMNUMMER
2026-09-06T14:55:21,R12,290431,23.0,Acer campestre (Feldahorn),BAUMNUMMER
2026-09-06T14:55:21,R12,290439,23.0,Acer platanoides (Spitzahorn),BAUMNUMMER
2026-09-06T14:55:21,R12,361815,17.0,Koelreuteria paniculata (Blasenbaum),BAUMNUMMER
2026-09-06T14:55:21,R12,189774,21.0,Prunus avium (Vogelkirsche),BAUMNUMMER
2026-09-06T14:55:21,R12,398185,21.0,Prunus avium (Vogelkirsche),BAUMNUMMER
2026-09-06T14:55:21,R12,283678,10.0,Prunus cerasifera 'Nigra' (Blutpflaume),BAUMNUMMER
2026-09-06T14:55:21,R12,154297,10.0,Morus spec. (Maulbeerbaum),BAUMNUMMER
2026-09-06T14:55:21,R12,283677,10.0,Prunus spec. (Kirsche),BAUMNUMMER
2026-09-06T14:55:21,R12,377295,10.0,Celtis australis (Südlicher Zürgelbaum),BAUMNUMMER
2026-09-06T14:55:21,R12,407265,17.0,Prunus x yedoensis (Tokyokirsche),BAUMNUMMER
2026-09-06T14:55:21,R12,282684,13.0,Quercus rubra (Roteiche),BAUMNUMMER
2026-09-06T14:55:21,R12,396547,14.0,Acer platanoides (Spitzahorn),BAUMNUMMER
2026-09-06T14:55:21,R12,397368,17.0,Prunus avium (Vogelkirsche),BAUMNUMMER
2026-09-06T14:55:21,R12,244391,17.0,Fraxinus ornus 'Obelisk' (Säulenblumenesche),BAUMNUMMER
2026-09-06T14:55:21,R12,349331,17.0,Tilia spec. (Linde),BAUMNUMMER
2026-09-06T14:55:21,R12,349332,17.0,Acer campestre 'Elsrijk' (Feldahorn),BAUMNUMMER
2026-09-06T14:55:21,R12,336937,14.0,Fraxinus ornus 'Obelisk' (Säulenblumenesche),BAUMNUMMER
2026-09-06T14:55:21,R12,305412,9.0,Acer campestre 'Elsrijk' (Feldahorn),BAUMNUMMER
2026-09-06T14:55:21,R12,46582,12.0,Betula pendula (Weißbirke),BAUMNUMMER
2026-09-06T14:55:21,R12,357316,15.0,Ulmus minor (Feldulme),BAUMNUMMER
2026-09-06T14:55:21,R12,409981,15.0,Juglans regia (Walnussbaum),BAUMNUMMER
2026-09-06T14:55:21,R12,346818,15.0,Platanus x acerifolia 'Tremonia' (Schmalkronige Platane),BAUMNUMMER
2026-09-06T14:55:21,R12,263314,12.0,Zelkova serrata (Zelkove),BAUMNUMMER
2026-09-06T14:55:21,R12,337817,1.0,Quercus robur 'Fastigiata' (Säuleneiche),BAUMNUMMER
2026-09-06T14:55:21,R12,339148,18.0,Carpinus betulus (Hainbuche),BAUMNUMMER
2026-09-06T14:55:21,R12,365305,18.0,Quercus spec. (Eiche),BAUMNUMMER
2026-09-06T14:55:21,R12,365308,18.0,Quercus spec. (Eiche),BAUMNUMMER
2026-09-06T14:55:21,R12,336355,1.0,Tilia cordata 'Rancho' (Kleinblättrige Winterlinde),BAUMNUMMER
2026-09-06T14:55:21,R12,394083,18.0,Carpinus betulus (Hainbuche),BAUMNUMMER
2026-09-06T14:55:21,R12,365313,18.0,Acer campestre (Feldahorn),BAUMNUMMER
2026-09-06T14:55:21,R12,365316,18.0,Acer campestre (Feldahorn),BAUMNUMMER
2026-09-06T14:55:21,R12,365317,18.0,Acer campestre (Feldahorn),BAUMNUMMER
2026-09-06T14:55:21,R12,283212,13.0,Quercus rubra (Roteiche),BAUMNUMMER
2026-09-06T14:55:21,R12,376950,18.0,Pyrus calleryana 'Chanticleer' (Zierbirne),BAUMNUMMER
2026-09-06T14:55:21,R12,313795,16.0,Aesculus x carnea 'Briotii' (Scharlachkastanie),BAUMNUMMER
2026-09-06T14:55:21,R12,319524,18.0,Acer campestre (Feldahorn),BAUMNUMMER
2026-09-06T14:55:21,R12,328571,22.0,Gleditsia triacanthos (Lederhülsenbaum),BAUMNUMMER
2026-09-06T14:55:21,R12,270079,22.0,Populus x canadensis (Kanadische Pappel),BAUMNUMMER
2026-09-06T14:55:21,R12,409980,22.0,Acer platanoides (Spitzahorn),BAUMNUMMER
2026-09-06T14:55:21,R12,13955,9.0,Platanus x acerifolia (Ahornblättrige Platane),BAUMNUMMER
2026-09-06T14:55:21,R12,13959,9.0,Platanus x acerifolia (Ahornblättrige Platane),BAUMNUMMER
2026-09-06T14:55:21,R12,280979,20.0,Acer campestre (Feldahorn),BAUMNUMMER
2026-09-06T14:55:21,R12,369392,14.0,Tilia tomentosa 'Brabant' (Silberlinde),BAUMNUMMER
2026-09-06T14:55:21,R12,88449,23.0,Fraxinus ornus (Blumenesche),BAUMNUMMER
2026-09-06T14:55:21,R12,368558,18.0,Platanus x acerifolia (Ahornblättrige Platane),BAUMNUMMER
2026-09-06T14:55:21,R12,368560,18.0,Platanus x acerifolia (Ahornblättrige Platane),BAUMNUMMER
2026-09-06T14:55:21,R12,351630,18.0,Ulmus glabra (Bergulme),BAUMNUMMER
2026-09-06T14:55:21,R12,297293,12.0,Fraxinus ornus 'Obelisk' (Säulenblumenesche),BAUMNUMMER
2026-09-06T14:55:21,R12,402991,20.0,Acer platanoides (Spitzahorn),BAUMNUMMER
2026-09-06T14:55:21,R12,259434,12.0,Carpinus betulus (Hainbuche),BAUMNUMMER
2026-09-06T14:55:21,R12,259436,12.0,Carpinus betulus (Hainbuche),BAUMNUMMER
2026-09-06T14:55:21,R12,259437,12.0,Carpinus betulus (Hainbuche),BAUMNUMMER
2026-09-06T14:55:21,R12,359972,12.0,Morus alba (Weißer Maulbeerbaum),BAUMNUMMER
2026-09-06T14:55:21,R12,389593,12.0,Malus spec. (Apfelbaum),BAUMNUMMER
2026-09-06T14:55:21,R12,406294,22.0,Prunus avium 'Plena' (Gefülltblühende Vogelkirsche),BAUMNUMMER
2026-09-06T14:55:21,R12,367766,12.0,Pyrus calleryana 'Aristocrat' (Zierbirne),BAUMNUMMER
2026-09-06T14:55:21,R12,403980,22.0,Malus hybride 'John Downie' (Zierapfel),BAUMNUMMER
2026-09-06T14:55:21,R12,403979,22.0,Malus hybride 'John Downie' (Zierapfel),BAUMNUMMER
2026-09-06T14:55:21,R12,393898,23.0,Acer campestre 'Elsrijk' (Feldahorn),BAUMNUMMER
2026-09-06T14:55:21,R12,399755,22.0,Acer campestre (Feldahorn),BAUMNUMMER
2026-09-06T14:55:21,R12,378397,12.0,Ulmus spec. (Ulme),BAUMNUMMER
2026-09-06T14:55:21,R12,378398,12.0,Ulmus spec. (Ulme),BAUMNUMMER
2026-09-06T14:55:21,R12,388838,21.0,Juglans regia (Walnussbaum),BAUMNUMMER
2026-09-06T14:55:21,R12,401508,12.0,Salix erythroflexuosa (Lockenweide),BAUMNUMMER
2026-09-06T14:55:21,R12,259433,12.0,Carpinus betulus 'Fastigiata' (Säulenhainbuche),BAUMNUMMER
2026-09-06T14:55:21,R12,378399,12.0,Ulmus spec. (Ulme),BAUMNUMMER
2026-09-06T14:55:21,R12,96368,12.0,Acer negundo (Eschenahorn),BAUMNUMMER
2026-09-06T14:55:21,R12,96369,12.0,Juglans regia (Walnussbaum),BAUMNUMMER
2026-09-06T14:55:21,R12,139023,12.0,Quercus robur (Stieleiche),BAUMNUMMER
2026-09-06T14:55:21,R12,304076,12.0,Platanus x acerifolia (Ahornblättrige Platane),BAUMNUMMER
2026-09-06T14:55:21,R12,283144,13.0,Quercus robur (Stieleiche),BAUMNUMMER
2026-09-06T14:55:21,R12,166420,12.0,Pyrus calleryana 'Chanticleer' (Zierbirne),BAUMNUMMER
2026-09-06T14:55:21,R12,166421,12.0,Pyrus calleryana 'Chanticleer' (Zierbirne),BAUMNUMMER
2026-09-06T14:55:21,R12,187329,12.0,Salix matsudana 'Tortuosa' (Korkenzieherweide),BAUMNUMMER
2026-09-06T14:55:21,R12,304074,12.0,Platanus x acerifolia (Ahornblättrige Platane),BAUMNUMMER
2026-09-06T14:55:21,R12,259099,13.0,Quercus cerris (Zerreiche),BAUMNUMMER
2026-09-06T14:55:21,R12,329100,21.0,Fraxinus excelsior (Gemeine Esche),BAUMNUMMER
2026-09-06T14:55:21,R12,241068,12.0,Acer campestre (Feldahorn),BAUMNUMMER
2026-09-06T14:55:21,R12,344900,18.0,Acer opalus (Italienischer Ahorn),BAUMNUMMER
2026-09-06T14:55:21,R12,259435,12.0,Carpinus betulus (Hainbuche),BAUMNUMMER
2026-09-06T14:55:21,R12,259438,12.0,Tilia spec. (Linde),BAUMNUMMER
2026-09-06T14:55:21,R12,307272,12.0,Prunus serrulata 'Amanogawa' (Säulenkirsche),BAUMNUMMER
2026-09-06T14:55:21,R12,314703,18.0,Prunus spinosa (Schlehdorn),BAUMNUMMER
2026-09-06T14:55:21,R12,377797,19.0,Ulmus x hollandica 'Wredei' (Goldulme),BAUMNUMMER
2026-09-06T14:55:21,R12,97051,16.0,Acer platanoides (Spitzahorn),BAUMNUMMER
2026-09-06T14:55:21,R12,272929,10.0,"Pinus nigra (Schwarzkiefer, Schwarzföhre)",BAUMNUMMER
2026-09-06T14:55:21,R12,177677,21.0,Prunus avium (Vogelkirsche),BAUMNUMMER
2026-09-06T14:55:21,R12,239367,21.0,Prunus avium (Vogelkirsche),BAUMNUMMER
2026-09-06T14:55:21,R12,398130,18.0,Acer campestre (Feldahorn),BAUMNUMMER
2026-09-06T14:55:21,R12,300607,17.0,Pyrus calleryana 'Chanticleer' (Zierbirne),BAUMNUMMER
2026-09-06T14:55:21,R12,330604,3.0,Liriodendron tulipifera (Tulpenbaum),BAUMNUMMER
2026-09-06T14:55:21,R12,209274,11.0,Prunus cerasifera 'Nigra' (Blutpflaume),BAUMNUMMER
2026-09-06T14:55:21,R12,257557,21.0,Tilia cordata 'Greenspire' (Stadtlinde),BAUMNUMMER
2026-09-06T14:55:21,R12,367595,18.0,"Pinus nigra (Schwarzkiefer, Schwarzföhre)",BAUMNUMMER
2026-09-06T14:55:21,R12,367926,18.0,Sambucus nigra (Schwarzer Holunder),BAUMNUMMER
2026-09-06T14:55:21,R12,297706,12.0,Aesculus hippocastanum 'Baumannii' (Gefülltblühende Kastanie),BAUMNUMMER
2026-09-06T14:55:21,R12,308417,18.0,Aesculus hippocastanum (Rosskastanie),BAUMNUMMER
2026-09-06T14:55:21,R12,313360,18.0,Acer tataricum (Feuerahorn),BAUMNUMMER
2026-09-06T14:55:21,R12,352730,18.0,Acer pseudoplatanus (Bergahorn),BAUMNUMMER
2026-09-06T14:55:21,R12,297707,12.0,Aesculus hippocastanum 'Baumannii' (Gefülltblühende Kastanie),BAUMNUMMER
2026-09-06T14:55:21,R12,131433,16.0,Acer platanoides (Spitzahorn),BAUMNUMMER
2026-09-06T14:55:21,R12,187004,21.0,Sambucus nigra (Schwarzer Holunder),BAUMNUMMER
2026-09-06T14:55:21,R12,307244,23.0,Prunus cerasifera 'Nigra' (Blutpflaume),BAUMNUMMER
2026-09-06T14:55:21,R12,383354,2.0,Pyrus calleryana 'Chanticleer' (Zierbirne),BAUMNUMMER
2026-09-06T14:55:21,R12,190994,14.0,Prunus serrulata 'Amanogawa' (Säulenkirsche),BAUMNUMMER
2026-09-06T14:55:21,R12,190995,14.0,Prunus serrulata 'Kanzan' (Japanische Blütenkirsche),BAUMNUMMER
2026-09-06T14:55:21,R12,297402,18.0,Quercus cerris (Zerreiche),BAUMNUMMER
2026-09-06T14:55:21,R12,187006,21.0,Acer pseudoplatanus (Bergahorn),BAUMNUMMER
2026-09-06T14:55:21,R12,273375,23.0,Acer campestre (Feldahorn),BAUMNUMMER
2026-09-06T14:55:21,R12,409897,2.0,Malus 'Golden Hornet' (Zierapfel),BAUMNUMMER
2026-09-06T14:55:21,R12,304072,12.0,Platanus x acerifolia (Ahornblättrige Platane),BAUMNUMMER
2026-09-06T14:55:21,R12,304073,12.0,Platanus x acerifolia (Ahornblättrige Platane),BAUMNUMMER
2026-09-06T14:55:21,R12,300189,18.0,Acer campestre 'Elsrijk' (Feldahorn),BAUMNUMMER
2026-09-06T14:55:21,R12,327493,18.0,Pinus nigra nigra (Österreichische Schwarzkiefer),BAUMNUMMER
2026-09-06T14:55:21,R12,389010,3.0,Carpinus betulus (Hainbuche),BAUMNUMMER
2026-09-06T14:55:21,R12,135430,10.0,Fraxinus ornus 'Obelisk' (Säulenblumenesche),BAUMNUMMER
2026-09-06T14:55:21,R12,286890,10.0,Malus sylvestris (Holzapfel),BAUMNUMMER
2026-09-06T14:55:21,R12,356989,19.0,Albizia julibrissin (Seidenakazie),BAUMNUMMER
2026-09-06T14:55:21,R12,141679,14.0,Prunus serrulata 'Amanogawa' (Säulenkirsche),BAUMNUMMER
2026-09-06T14:55:21,R12,294570,21.0,Acer pseudoplatanus (Bergahorn),BAUMNUMMER
2026-09-06T14:55:21,R12,294574,21.0,Robinia pseudoacacia (Scheinakazie),BAUMNUMMER
2026-09-06T14:55:21,R12,376979,18.0,Tilia tomentosa 'Brabant' (Silberlinde),BAUMNUMMER
2026-09-06T14:55:21,R12,76081,6.0,Morus nigra (Schwarzer Maulbeerbaum),BAUMNUMMER
2026-09-06T14:55:21,R12,241620,3.0,Acer campestre (Feldahorn),BAUMNUMMER
2026-09-06T14:55:21,R12,344052,22.0,Quercus robur 'Fastigiata' (Säuleneiche),BAUMNUMMER
2026-09-06T14:55:21,R12,398411,18.0,Quercus spec. (Eiche),BAUMNUMMER
2026-09-06T14:55:21,R12,388956,18.0,"Pinus spec. (Kiefer, Föhre)",BAUMNUMMER
2026-09-06T14:55:21,R12,271753,23.0,Fraxinus excelsior (Gemeine Esche),BAUMNUMMER
2026-09-06T14:55:21,R12,280713,22.0,Prunus cerasifera (Kirschpflaume),BAUMNUMMER
2026-09-06T14:55:21,R12,337173,21.0,Prunus cerasifera (Kirschpflaume),BAUMNUMMER
2026-09-06T14:55:21,R12,393262,22.0,Sophora japonica 'Regent' (Pagodenschnurbaum),BAUMNUMMER
2026-09-06T14:55:21,R12,317523,3.0,Pyrus calleryana 'Chanticleer' (Zierbirne),BAUMNUMMER
2026-09-06T14:55:21,R12,409054,22.0,Juniperus virginiana (Baumwacholder),BAUMNUMMER
2026-09-06T14:55:21,R12,254793,22.0,Thuja occidentalis (Abendländischer Lebensbaum),BAUMNUMMER
2026-09-06T14:55:21,R12,330550,22.0,Ulmus glabra (Bergulme),BAUMNUMMER
2026-09-06T14:55:21,R12,254840,22.0,Chamaecyparis lawsoniana (Scheinzypresse),BAUMNUMMER
2026-09-06T14:55:21,R12,401552,22.0,Fagus sylvatica (Rotbuche),BAUMNUMMER
2026-09-06T14:55:21,R12,141697,14.0,Prunus serrulata 'Amanogawa' (Säulenkirsche),BAUMNUMMER
2026-09-06T14:55:21,R12,294585,21.0,Fraxinus excelsior (Gemeine Esche),BAUMNUMMER
2026-09-06T14:55:21,R12,389050,18.0,Fraxinus excelsior (Gemeine Esche),BAUMNUMMER
2026-09-06T14:55:21,R12,410670,23.0,Tilia tomentosa (Silberlinde),BAUMNUMMER
2026-09-06T14:55:21,R12,254794,22.0,Betula pendula (Weißbirke),BAUMNUMMER
2026-09-06T14:55:21,R12,254796,22.0,Fraxinus excelsior (Gemeine Esche),BAUMNUMMER
2026-09-06T14:55:21,R12,330551,22.0,Corylus colurna (Baumhasel),BAUMNUMMER
2026-09-06T14:55:21,R12,360791,18.0,Tilia platyphyllos (Sommerlinde),BAUMNUMMER
2026-09-06T14:55:21,R12,281840,13.0,Carpinus betulus 'Frans Fontaine' (Schlanke Säulenhainbuche),BAUMNUMMER
2026-09-06T14:55:21,R12,239092,13.0,Carpinus betulus (Hainbuche),BAUMNUMMER
2026-09-06T14:55:21,R12,254800,22.0,Acer campestre (Feldahorn),BAUMNUMMER
2026-09-06T14:55:21,R12,254801,22.0,Fraxinus excelsior (Gemeine Esche),BAUMNUMMER
2026-09-06T14:55:21,R12,254803,22.0,Ulmus glabra (Bergulme),BAUMNUMMER
2026-09-06T14:55:21,R12,254806,22.0,Carpinus betulus (Hainbuche),BAUMNUMMER
2026-09-06T14:55:21,R12,241250,22.0,Acer campestre 'Green Column' (Säulen-Feldahorn),BAUMNUMMER
2026-09-06T14:55:21,R12,241259,22.0,Acer campestre 'Green Column' (Säulen-Feldahorn),BAUMNUMMER
2026-09-06T14:55:21,R12,188198,22.0,Juglans regia (Walnussbaum),BAUMNUMMER
2026-09-06T14:55:21,R12,238905,13.0,Acer campestre (Feldahorn),BAUMNUMMER
2026-09-06T14:55:21,R12,254807,22.0,Fraxinus excelsior (Gemeine Esche),BAUMNUMMER
2026-09-06T14:55:21,R12,254811,22.0,Prunus cerasifera 'Nigra' (Blutpflaume),BAUMNUMMER
2026-09-06T14:55:21,R12,254812,22.0,Fraxinus excelsior (Gemeine Esche),BAUMNUMMER
2026-09-06T14:55:21,R12,375832,22.0,Gleditsia spec. (Lederhülsenbaum),BAUMNUMMER
2026-09-06T14:55:21,R12,141714,14.0,Prunus serrulata 'Amanogawa' (Säulenkirsche),BAUMNUMMER
2026-09-06T14:55:21,R12,307587,18.0,Acer platanoides (Spitzahorn),BAUMNUMMER
2026-09-06T14:55:21,R12,394687,11.0,Platanus x acerifolia (Ahornblättrige Platane),BAUMNUMMER
2026-09-06T14:55:21,R12,394689,11.0,Platanus x acerifolia (Ahornblättrige Platane),BAUMNUMMER
2026-09-06T14:55:21,R12,367829,18.0,Mespilus germanica (Echte Mispel),BAUMNUMMER
2026-09-06T14:55:21,R12,387199,13.0,Acer campestre 'Elsrijk' (Feldahorn),BAUMNUMMER
2026-09-06T14:55:21,R12,388031,22.0,Catalpa bignonioides 'Nana' (Zwerg-Trompetenbaum),BAUMNUMMER
2026-09-06T14:55:21,R12,386869,2.0,Platanus x acerifolia (Ahornblättrige Platane),BAUMNUMMER
2026-09-06T14:55:21,R12,347009,23.0,Carpinus betulus 'Fastigiata' (Säulenhainbuche),BAUMNUMMER
2026-09-06T14:55:21,R12,273120,23.0,Populus nigra (Schwarzpappel),BAUMNUMMER
2026-09-06T14:55:21,R12,292114,23.0,Acer campestre (Feldahorn),BAUMNUMMER
2026-09-06T14:55:21,R12,396549,14.0,Acer platanoides (Spitzahorn),BAUMNUMMER
2026-09-06T14:55:21,R12,310585,3.0,Fraxinus excelsior 'Diversifolia' (Einblättrige Esche),BAUMNUMMER
2026-09-06T14:55:21,R12,287106,22.0,Ulmus laevis (Flatter-Ulme),BAUMNUMMER
2026-09-06T14:55:21,R12,405396,10.0,Acer campestre 'Elsrijk' (Feldahorn),BAUMNUMMER
2026-09-06T14:55:21,R12,337025,23.0,Quercus robur (Stieleiche),BAUMNUMMER
2026-09-06T14:55:21,R12,396546,14.0,Acer platanoides (Spitzahorn),BAUMNUMMER
2026-09-06T14:55:21,R12,310146,18.0,Acer campestre 'Elsrijk' (Feldahorn),BAUMNUMMER
2026-09-06T14:55:21,R12,383477,18.0,Fraxinus angustifolia 'Raywood' (Schmalblättrige Esche),BAUMNUMMER
2026-09-06T14:55:21,R12,358438,2.0,Populus nigra 'Italica' (Pyramidenpappel),BAUMNUMMER
2026-09-06T14:55:21,R12,310286,21.0,Gleditsia triacanthos 'Skyline' (Säulengleditschie),BAUMNUMMER
2026-09-06T14:55:21,R12,310289,21.0,Prunus spec. (Kirsche),BAUMNUMMER
2026-09-06T14:55:21,R12,147356,23.0,Acer tataricum (Feuerahorn),BAUMNUMMER
2026-09-06T14:55:21,R12,385617,8.0,Hibiscus syriacus (Eibisch),BAUMNUMMER
2026-09-06T14:55:21,R12,407736,11.0,Prunus avium 'Plena' (Gefülltblühende Vogelkirsche),BAUMNUMMER
2026-09-06T14:55:21,R12,183025,23.0,Prunus cerasifera 'Nigra' (Blutpflaume),BAUMNUMMER
2026-09-06T14:55:21,R12,296664,18.0,Taxodium distichum (Zweizeilige Sumpfzypresse),BAUMNUMMER
2026-09-06T14:55:21,R12,383304,23.0,Acer campestre 'Korinthosz' (Feldahorn),BAUMNUMMER
2026-09-06T14:55:21,R12,196377,10.0,Carpinus betulus 'Fastigiata' (Säulenhainbuche),BAUMNUMMER
2026-09-06T14:55:21,R12,260222,23.0,Fraxinus excelsior (Gemeine Esche),BAUMNUMMER
2026-09-06T14:55:21,R12,292116,23.0,Salix alba (Silberweide),BAUMNUMMER
2026-09-06T14:55:21,R12,292117,23.0,Salix alba (Silberweide),BAUMNUMMER
2026-09-06T14:55:21,R12,276037,22.0,Populus nigra (Schwarzpappel),BAUMNUMMER
2026-09-06T14:55:21,R12,385458,11.0,Carpinus betulus 'Columnaris' (Pyramidenhainbuche),BAUMNUMMER
2026-09-06T14:55:21,R12,136009,10.0,Acer campestre (Feldahorn),BAUMNUMMER
2026-09-06T14:55:21,R12,403054,14.0,Sambucus nigra (Schwarzer Holunder),BAUMNUMMER
2026-09-06T14:55:21,R12,273056,23.0,Acer campestre (Feldahorn),BAUMNUMMER
2026-09-06T14:55:21,R12,318261,10.0,Pyrus calleryana 'Chanticleer' (Zierbirne),BAUMNUMMER
2026-09-06T14:55:21,R12,269653,10.0,Malus hybrida 'Royalty' (Blutapfel),BAUMNUMMER
2026-09-06T14:55:21,R12,248002,12.0,Robinia pseudoacacia (Scheinakazie),BAUMNUMMER
2026-09-06T14:55:21,R12,367835,2.0,Celtis australis (Südlicher Zürgelbaum),BAUMNUMMER
2026-09-06T14:55:21,R12,359526,2.0,Celtis australis (Südlicher Zürgelbaum),BAUMNUMMER
2026-09-06T14:55:21,R12,364517,18.0,Acer campestre 'Elsrijk' (Feldahorn),BAUMNUMMER
2026-09-06T14:55:21,R12,307180,23.0,Morus alba (Weißer Maulbeerbaum),BAUMNUMMER
2026-09-06T14:55:21,R12,311150,23.0,Alnus cordata (Italienische Erle),BAUMNUMMER
2026-09-06T14:55:21,R12,260317,23.0,Acer campestre (Feldahorn),BAUMNUMMER
2026-09-06T14:55:21,R12,260319,23.0,Alnus incana (Grauerle),BAUMNUMMER
2026-09-06T14:55:21,R12,133671,10.0,Ailanthus altissima (Götterbaum),BAUMNUMMER
2026-09-06T14:55:21,R12,403048,11.0,Sambucus nigra (Schwarzer Holunder),BAUMNUMMER
2026-09-06T14:55:21,R12,269666,10.0,Malus hybrida 'Royalty' (Blutapfel),BAUMNUMMER
2026-09-06T14:55:21,R12,260311,23.0,Alnus incana (Grauerle),BAUMNUMMER
2026-09-06T14:55:21,R12,209287,10.0,Fraxinus excelsior (Gemeine Esche),BAUMNUMMER
2026-09-06T14:55:21,R12,289820,23.0,Acer campestre (Feldahorn),BAUMNUMMER
2026-09-06T14:55:21,R12,396563,14.0,Acer platanoides (Spitzahorn),BAUMNUMMER
2026-09-06T14:55:21,R12,292118,23.0,Alnus cordata (Italienische Erle),BAUMNUMMER
2026-09-06T14:55:21,R12,292120,23.0,Carpinus betulus (Hainbuche),BAUMNUMMER
2026-09-06T14:55:21,R12,403053,3.0,Pyrus calleryana 'Chanticleer' (Zierbirne),BAUMNUMMER
2026-09-06T14:55:21,R12,133700,10.0,Sambucus nigra (Schwarzer Holunder),BAUMNUMMER
2026-09-06T14:55:21,R12,319475,23.0,Salix alba (Silberweide),BAUMNUMMER
2026-09-06T14:55:21,R12,319476,23.0,Alnus cordata (Italienische Erle),BAUMNUMMER
2026-09-06T14:55:21,R12,168170,22.0,Carpinus betulus 'Fastigiata' (Säulenhainbuche),BAUMNUMMER
2026-09-06T14:55:21,R12,374114,22.0,Acer campestre 'Elsrijk' (Feldahorn),BAUMNUMMER
2026-09-06T14:55:21,R12,209294,10.0,Fraxinus excelsior (Gemeine Esche),BAUMNUMMER
2026-09-06T14:55:21,R12,254979,22.0,Prunus armeniaca (Marille),BAUMNUMMER
2026-09-06T14:55:21,R12,388251,21.0,Acer platanoides (Spitzahorn),BAUMNUMMER
2026-09-06T14:55:21,R12,388735,4.0,Prunus avium 'Flore Plena' (Gefülltblühende Kirsche),BAUMNUMMER
2026-09-06T14:55:21,R12,319481,23.0,Acer campestre (Feldahorn),BAUMNUMMER
2026-09-06T14:55:21,R12,396123,3.0,Ostrya carpinifolia (Hopfenbuche),BAUMNUMMER
2026-09-06T14:55:21,R12,351626,2.0,Acer platanoides (Spitzahorn),BAUMNUMMER
2026-09-06T14:55:21,R12,133715,10.0,Fraxinus excelsior 'Altena' (Gemeine Esche),BAUMNUMMER
2026-09-06T14:55:21,R12,282298,18.0,Fraxinus ornus 'Obelisk' (Säulenblumenesche),BAUMNUMMER
2026-09-06T14:55:21,R12,315118,10.0,Ginkgo biloba (Fächerblattbaum),BAUMNUMMER
2026-09-06T14:55:21,R12,315121,10.0,Fraxinus spec. (Esche),BAUMNUMMER
2026-09-06T14:55:21,R12,297864,21.0,Picea abies (Gemeine Fichte),BAUMNUMMER
2026-09-06T14:55:21,R12,366935,21.0,Prunus cerasifera (Kirschpflaume),BAUMNUMMER
2026-09-06T14:55:21,R12,366936,21.0,Prunus cerasifera (Kirschpflaume),BAUMNUMMER
2026-09-06T14:55:21,R12,366937,21.0,Acer negundo (Eschenahorn),BAUMNUMMER
2026-09-06T14:55:21,R12,388000,21.0,Prunus padus (Traubenkirsche),BAUMNUMMER
2026-09-06T14:55:21,R12,307503,10.0,Prunus cerasifera 'Nigra' (Blutpflaume),BAUMNUMMER
2026-09-06T14:55:21,R12,337029,23.0,Carpinus betulus (Hainbuche),BAUMNUMMER
2026-09-06T14:55:21,R12,337031,23.0,Populus nigra (Schwarzpappel),BAUMNUMMER
2026-09-06T14:55:21,R12,133717,10.0,Fraxinus excelsior 'Altena' (Gemeine Esche),BAUMNUMMER
2026-09-06T14:55:21,R12,260218,23.0,Aesculus x carnea 'Briotii' (Scharlachkastanie),BAUMNUMMER
2026-09-06T14:55:21,R12,260321,23.0,Salix spec. (Weide),BAUMNUMMER
2026-09-06T14:55:21,R12,385848,8.0,Syringa vulgaris 'Alba' (Weißer Flieder),BAUMNUMMER
2026-09-06T14:55:21,R12,315890,23.0,Aesculus hippocastanum (Rosskastanie),BAUMNUMMER
2026-09-06T14:55:21,R12,317629,22.0,Fraxinus excelsior (Gemeine Esche),BAUMNUMMER
2026-09-06T14:55:21,R12,239751,10.0,Paulownia tomentosa (Blauglockenbaum),BAUMNUMMER
2026-09-06T14:55:21,R12,239753,10.0,Prunus padus (Traubenkirsche),BAUMNUMMER
2026-09-06T14:55:21,R12,309805,16.0,Celtis australis (Südlicher Zürgelbaum),BAUMNUMMER
2026-09-06T14:55:21,R12,380842,10.0,Acer campestre 'Korinthosz' (Feldahorn),BAUMNUMMER
2026-09-06T14:55:21,R12,322979,22.0,Acer campestre 'Green Column' (Säulen-Feldahorn),BAUMNUMMER
2026-09-06T14:55:21,R12,239777,10.0,Carpinus betulus (Hainbuche),BAUMNUMMER
2026-09-06T14:55:21,R12,269311,23.0,Acer campestre (Feldahorn),BAUMNUMMER
2026-09-06T14:55:21,R12,76066,23.0,Maclura pomifera (Osagedorn),BAUMNUMMER
2026-09-06T14:55:21,R12,399683,10.0,Juglans regia (Walnussbaum),BAUMNUMMER
2026-09-06T14:55:21,R12,330692,10.0,Carpinus betulus 'Fastigiata' (Säulenhainbuche),BAUMNUMMER
2026-09-06T14:55:21,R12,330694,10.0,Koelreuteria paniculata 'Fastigiata' (Säulenblasenbaum),BAUMNUMMER
2026-09-06T14:55:21,R12,330699,10.0,Koelreuteria paniculata 'Fastigiata' (Säulenblasenbaum),BAUMNUMMER
2026-09-06T14:55:21,R12,193056,10.0,"Pinus nigra (Schwarzkiefer, Schwarzföhre)",BAUMNUMMER
2026-09-06T14:55:21,R12,362811,16.0,Celtis australis (Südlicher Zürgelbaum),BAUMNUMMER
2026-09-06T14:55:21,R12,167004,23.0,Carpinus betulus 'Fastigiata' (Säulenhainbuche),BAUMNUMMER
2026-09-06T14:55:21,R12,398199,4.0,Tilia tomentosa 'Brabant' (Silberlinde),BAUMNUMMER
2026-09-06T14:55:21,R12,290408,19.0,Malus spec. (Apfelbaum),BAUMNUMMER
2026-09-06T14:55:21,R12,310719,10.0,Populus nigra (Schwarzpappel),BAUMNUMMER
2026-09-06T14:55:21,R12,315893,23.0,Morus alba (Weißer Maulbeerbaum),BAUMNUMMER
2026-09-06T14:55:21,R12,330701,10.0,Carpinus betulus 'Fastigiata' (Säulenhainbuche),BAUMNUMMER
2026-09-06T14:55:21,R12,330705,10.0,Koelreuteria paniculata 'Fastigiata' (Säulenblasenbaum),BAUMNUMMER
2026-09-06T14:55:21,R12,293623,10.0,Robinia pseudoacacia (Scheinakazie),BAUMNUMMER
2026-09-06T14:55:21,R12,257510,10.0,Prunus cerasifera 'Nigra' (Blutpflaume),BAUMNUMMER
2026-09-06T14:55:21,R12,342368,10.0,Corylus colurna (Baumhasel),BAUMNUMMER
2026-09-06T14:55:21,R12,154291,10.0,Carpinus betulus 'Fastigiata' (Säulenhainbuche),BAUMNUMMER
2026-09-06T14:55:21,R12,247753,12.0,Acer platanoides (Spitzahorn),BAUMNUMMER
2026-09-06T14:55:21,R12,292113,23.0,Morus nigra (Schwarzer Maulbeerbaum),BAUMNUMMER
2026-09-06T14:55:21,R12,330715,10.0,Prunus serrulata 'Royal Burgundy' (Rotblät. Jap. Blüten-Kirsche),BAUMNUMMER
2026-09-06T14:55:21,R12,260219,23.0,Ulmus spec. (Ulme),BAUMNUMMER
2026-09-06T14:55:21,R12,260220,23.0,Acer platanoides (Spitzahorn),BAUMNUMMER
2026-09-06T14:55:21,R12,260221,23.0,Acer platanoides (Spitzahorn),BAUMNUMMER
2026-09-06T14:55:21,R12,337026,23.0,Alnus spaethii (Purpur-Erle),BAUMNUMMER
2026-09-06T14:55:21,R12,293617,10.0,Robinia pseudoacacia (Scheinakazie),BAUMNUMMER
2026-09-06T14:55:21,R12,403328,22.0,Carpinus betulus 'Frans Fontaine' (Schlanke Säulenhainbuche),BAUMNUMMER
2026-09-06T14:55:21,R12,402367,22.0,Carpinus betulus 'Frans Fontaine' (Schlanke Säulenhainbuche),BAUMNUMMER
2026-09-06T14:55:21,R12,341717,2.0,Picea pungens (Stechfichte),BAUMNUMMER
2026-09-06T14:55:21,R12,346120,10.0,Fagus sylvatica (Rotbuche),BAUMNUMMER
2026-09-06T14:55:21,R12,349291,5.0,Malus sylvestris (Holzapfel),BAUMNUMMER
2026-09-06T14:55:21,R12,337027,23.0,Quercus cerris (Zerreiche),BAUMNUMMER
2026-09-06T14:55:21,R12,135749,10.0,Prunus cerasifera 'Nigra' (Blutpflaume),BAUMNUMMER
2026-09-06T14:55:21,R12,361553,3.0,Acer platanoides 'Columnare' (Säulenahorn),BAUMNUMMER
2026-09-06T14:55:21,R12,272968,23.0,Fraxinus excelsior (Gemeine Esche),BAUMNUMMER
2026-09-06T14:55:21,R12,273121,23.0,Acer campestre (Feldahorn),BAUMNUMMER
2026-09-06T14:55:21,R12,346129,10.0,Carpinus betulus 'Fastigiata' (Säulenhainbuche),BAUMNUMMER
2026-09-06T14:55:21,R12,315895,23.0,Morus alba (Weißer Maulbeerbaum),BAUMNUMMER
2026-09-06T14:55:21,R12,199109,23.0,Populus nigra 'Italica' (Pyramidenpappel),BAUMNUMMER
2026-09-06T14:55:21,R12,199108,23.0,Populus nigra 'Italica' (Pyramidenpappel),BAUMNUMMER
2026-09-06T14:55:21,R12,256505,22.0,Prunus domestica (Pflaume),BAUMNUMMER
2026-09-06T14:55:21,R12,292127,23.0,Morus alba (Weißer Maulbeerbaum),BAUMNUMMER
2026-09-06T14:55:21,R12,281044,21.0,Platanus x acerifolia (Ahornblättrige Platane),BAUMNUMMER
2026-09-06T14:55:21,R12,292126,23.0,Quercus robur (Stieleiche),BAUMNUMMER
2026-09-06T14:55:21,R12,283666,10.0,Prunus avium (Vogelkirsche),BAUMNUMMER
2026-09-06T14:55:21,R12,398190,4.0,Cercis canadensis 'Ruby Falls' (Kanadischer Judasbaum),BAUMNUMMER
2026-09-06T14:55:21,R12,349517,2.0,Acer platanoides (Spitzahorn),BAUMNUMMER
2026-09-06T14:55:21,R12,260216,23.0,Acer buergerianum (Dreizähniger Ahorn),BAUMNUMMER
2026-09-06T14:55:21,R12,155375,10.0,Acer campestre (Feldahorn),BAUMNUMMER
2026-09-06T14:55:21,R12,289878,23.0,Prunus padus (Traubenkirsche),BAUMNUMMER
2026-09-06T14:55:21,R12,337018,23.0,Quercus frainetto (Ungarische Eiche),BAUMNUMMER
2026-09-06T14:55:21,R12,307178,23.0,Morus alba (Weißer Maulbeerbaum),BAUMNUMMER
2026-09-06T14:55:21,R12,318477,20.0,Morus alba (Weißer Maulbeerbaum),BAUMNUMMER
2026-09-06T14:55:21,R12,360962,2.0,Acer platanoides (Spitzahorn),BAUMNUMMER
2026-09-06T14:55:21,R12,398195,4.0,Tilia tomentosa 'Brabant' (Silberlinde),BAUMNUMMER
2026-09-06T14:55:21,R12,177867,10.0,Celtis occidentalis (Westlicher Zürgelbaum),BAUMNUMMER
2026-09-06T14:55:21,R12,95871,10.0,Corylus colurna 'Granat' (Rotblättrige Baumhasel),BAUMNUMMER
2026-09-06T14:55:21,R12,95872,10.0,Corylus colurna 'Granat' (Rotblättrige Baumhasel),BAUMNUMMER
2026-09-06T14:55:21,R12,95874,10.0,Corylus colurna 'Granat' (Rotblättrige Baumhasel),BAUMNUMMER
2026-09-06T14:55:21,R12,283687,10.0,Ulmus spec. (Ulme),BAUMNUMMER
2026-09-06T14:55:21,R12,360881,2.0,Acer platanoides (Spitzahorn),BAUMNUMMER
2026-09-06T14:55:21,R12,251981,10.0,Populus x canescens (Graupappel),BAUMNUMMER
2026-09-06T14:55:21,R12,260315,23.0,Acer campestre (Feldahorn),BAUMNUMMER
2026-09-06T14:55:21,R12,292115,23.0,Salix alba (Silberweide),BAUMNUMMER
2026-09-06T14:55:21,R12,319479,23.0,Fraxinus ornus (Blumenesche),BAUMNUMMER
2026-09-06T14:55:21,R12,273118,23.0,Acer campestre (Feldahorn),BAUMNUMMER
2026-09-06T14:55:21,R12,319474,23.0,Populus nigra 'Italica' (Pyramidenpappel),BAUMNUMMER
2026-09-06T14:55:21,R12,360921,2.0,Crataegus laevigata (Weißdorn),BAUMNUMMER
2026-09-06T14:55:21,R12,399010,21.0,Juglans regia (Walnussbaum),BAUMNUMMER
2026-09-06T14:55:21,R12,177880,10.0,Aesculus hippocastanum (Rosskastanie),BAUMNUMMER
2026-09-06T14:55:21,R12,273128,23.0,Aesculus hippocastanum (Rosskastanie),BAUMNUMMER
2026-09-06T14:55:21,R12,337024,23.0,Ulmus 'New Horizon' (Resista Ulme),BAUMNUMMER
2026-09-06T14:55:21,R12,364851,10.0,Sorbus aucuparia 'Sheerwater Seedling' (Säuleneberesche),BAUMNUMMER
2026-09-06T14:55:21,R12,337019,23.0,Fraxinus ornus (Blumenesche),BAUMNUMMER
2026-09-06T14:55:21,R12,303204,10.0,Aesculus hippocastanum (Rosskastanie),BAUMNUMMER
2026-09-06T14:55:21,R12,359439,2.0,Tilia tomentosa 'Brabant' (Silberlinde),BAUMNUMMER
2026-09-06T14:55:21,R12,359440,2.0,Tilia tomentosa 'Brabant' (Silberlinde),BAUMNUMMER
2026-09-06T14:55:21,R12,260309,23.0,Morus spec. (Maulbeerbaum),BAUMNUMMER
2026-09-06T14:55:21,R12,337017,23.0,Carpinus betulus (Hainbuche),BAUMNUMMER
2026-09-06T14:55:21,R12,403049,3.0,Celtis occidentalis (Westlicher Zürgelbaum),BAUMNUMMER
